Empresa,Data,Tipo,Conta,Descricao,Valor
Empresa 1,2024-07-02,Entrada,MENSALIDADE,ARGERICK,309.50
Empresa 1,2024-07-02,Entrada,MENSALIDADE,HORTIMUNDO ,391.37
Empresa 1,2024-07-02,Entrada,MENSALIDADE,HORTIMUNDO ,429.07
Empresa 1,2024-01-30,Entrada,MENSALIDADE,EVERTON ,904.17
Empresa 1,2024-01-19,Entrada,MENSALIDADE,SUPERMERCADO ,1775.00
Empresa 1,2024-02-20,Entrada,MENSALIDADE,ADAO ,319.10
Empresa 1,2024-01-03,Entrada,MENSALIDADE,RAS ,866.94
Empresa 1,2024-03-06,Entrada,MENSALIDADE,STEFFEN ,441.80
Empresa 1,2024-06-11,Entrada,MENSALIDADE,TANBOA ,2125.00
Empresa 1,2024-07-11,Entrada,MENSALIDADE,TANBOA ,2125.00
Empresa 1,2024-03-12,Entrada,MENSALIDADE,TANBOA ,2125.00
Empresa 1,2024-04-11,Entrada,MENSALIDADE,TANBOA ,2125.00
Empresa 1,2024-05-13,Entrada,MENSALIDADE,TANBOA ,2125.00
Empresa 1,2024-02-07,Entrada,MENSALIDADE,ATACADISTA ,340.26
Empresa 1,2024-01-10,Entrada,MENSALIDADE,BRASIL ,517.55
Empresa 1,2024-01-03,Entrada,MENSALIDADE,COMERCIAL ,1095.62
Empresa 1,2024-01-10,Entrada,MENSALIDADE,EPIHAUS ,440.23
Empresa 1,2024-01-03,Entrada,MENSALIDADE,GENIO ,612.23
Empresa 1,2024-01-03,Entrada,MENSALIDADE,LANDA ,1039.88
Empresa 1,2024-02-07,Entrada,MENSALIDADE,OLIVEIRA ,340.26
Empresa 1,2024-01-03,Entrada,MENSALIDADE,REICHERT ,3779.59
Empresa 1,2024-01-03,Entrada,MENSALIDADE,ROXO ,1050.00
Empresa 1,2024-03-05,Entrada,MENSALIDADE,ADAO ,317.50
Empresa 1,2024-01-10,Entrada,MENSALIDADE,DELMAR ,156.00
Empresa 1,2024-02-27,Entrada,MENSALIDADE,EVERTON ,886.53
Empresa 1,2024-01-03,Entrada,MENSALIDADE,KARINA ,469.06
Empresa 1,2024-01-10,Entrada,MENSALIDADE,MANDALA ,196.42
Empresa 1,2024-01-03,Entrada,MENSALIDADE,MOTO ,228.24
Empresa 1,2024-01-29,Entrada,MENSALIDADE,RAS ,865.26
Empresa 1,2024-01-03,Entrada,MENSALIDADE,STEFFEN ,442.36
Empresa 1,2024-01-10,Entrada,MENSALIDADE,TIAGO ,155.50
Empresa 1,2024-01-03,Entrada,MENSALIDADE,TURQUETTE ,534.81
Empresa 1,2024-01-11,Entrada,MENSALIDADE,MAFS ,1875.00
Empresa 1,2024-03-26,Entrada,MENSALIDADE,ADAO ,314.50
Empresa 1,2024-01-11,Entrada,MENSALIDADE,ANTONIO ,265.37
Empresa 1,2024-01-11,Entrada,MENSALIDADE,COM ,536.65
Empresa 1,2024-01-10,Entrada,MENSALIDADE,DELMAR ,150.00
Empresa 1,2024-01-11,Entrada,MENSALIDADE,JOSE ,118.93
Empresa 1,2024-01-16,Entrada,MENSALIDADE,MERCADO ,161.66
Empresa 1,2024-01-16,Entrada,MENSALIDADE,AMANDA ,260.00
Empresa 1,2024-01-23,Entrada,MENSALIDADE,AMD ,481.01
Empresa 1,2024-01-17,Entrada,MENSALIDADE,ANDRE ,215.42
Empresa 1,2024-01-23,Entrada,MENSALIDADE,ASTER ,180.44
Empresa 1,2024-01-30,Entrada,MENSALIDADE,BOM ,880.74
Empresa 1,2024-01-25,Entrada,MENSALIDADE,CANAL ,325.92
Empresa 1,2024-01-16,Entrada,MENSALIDADE,CEREAIS ,350.00
Empresa 1,2024-01-22,Entrada,MENSALIDADE,COM ,1194.51
Empresa 1,2024-01-26,Entrada,MENSALIDADE,COMERCIAL ,1490.60
Empresa 1,2024-01-16,Entrada,MENSALIDADE,COMERCIAL ,500.00
Empresa 1,2024-01-23,Entrada,MENSALIDADE,COML ,501.24
Empresa 1,2024-01-23,Entrada,MENSALIDADE,DE ,191.15
Empresa 1,2024-01-23,Entrada,MENSALIDADE,DIEGO ,193.38
Empresa 1,2024-01-22,Entrada,MENSALIDADE,DISTRIB ,956.97
Empresa 1,2024-02-19,Entrada,MENSALIDADE,DISTRIBUIDORA ,322.03
Empresa 1,2024-01-23,Entrada,MENSALIDADE,DUE ,476.39
Empresa 1,2024-01-25,Entrada,SUPORTE,E ,940.62
Empresa 1,2024-03-05,Entrada,MENSALIDADE,EVERTON ,879.81
Empresa 1,2024-01-17,Entrada,SUPORTE,EVERTON ,154.55
Empresa 1,2024-01-19,Entrada,MENSALIDADE,FERRAGEM ,334.55
Empresa 1,2024-01-16,Entrada,MENSALIDADE,FLAVIA ,608.92
Empresa 1,2024-01-30,Entrada,MENSALIDADE,G.W. ,970.72
Empresa 1,2024-01-25,Entrada,MENSALIDADE,TURQUETTE ,534.81
Empresa 1,2024-01-16,Entrada,MENSALIDADE,GIACOMINI ,500.00
Empresa 1,2024-01-16,Entrada,MENSALIDADE,GIULIANO ,187.26
Empresa 1,2024-01-25,Entrada,MENSALIDADE,GIULIANO ,196.81
Empresa 1,2024-01-16,Entrada,MENSALIDADE,GIULIANO ,130.00
Empresa 1,2024-01-26,Entrada,MENSALIDADE,H ,595.35
Empresa 1,2024-01-16,Entrada,MENSALIDADE,HLUX ,434.35
Empresa 1,2024-01-24,Entrada,MENSALIDADE,HORLLE ,335.19
Empresa 1,2024-01-16,Entrada,MENSALIDADE,HORTIFRUTIGRANJEIRO ,425.00
Empresa 1,2024-02-01,Entrada,MENSALIDADE,HORTISUL ,257.98
Empresa 1,2024-01-23,Entrada,MENSALIDADE,IRMAOS ,391.25
Empresa 1,2024-02-27,Entrada,MENSALIDADE,KARINA ,487.45
Empresa 1,2024-02-01,Entrada,MENSALIDADE,L ,193.36
Empresa 1,2024-01-16,Entrada,MENSALIDADE,LGSR ,65.54
Empresa 1,2024-02-01,Entrada,MENSALIDADE,LUIS ,1346.63
Empresa 1,2024-02-16,Entrada,MENSALIDADE,MANDALA ,196.78
Empresa 1,2024-01-26,Entrada,MENSALIDADE,MARCOS ,185.70
Empresa 1,2024-01-22,Entrada,MENSALIDADE,MIXSUL ,603.85
Empresa 1,2024-01-24,Entrada,MENSALIDADE,MKS ,228.24
Empresa 1,2024-01-31,Entrada,MENSALIDADE,MOTO ,228.24
Empresa 1,2024-01-23,Entrada,MENSALIDADE,NOVA ,524.39
Empresa 1,2024-01-26,Entrada,MENSALIDADE,PERGHER ,495.35
Empresa 1,2024-02-01,Entrada,MENSALIDADE,PERGHER ,387.33
Empresa 1,2024-01-22,Entrada,MENSALIDADE,R ,247.95
Empresa 1,2024-02-22,Entrada,MENSALIDADE,RAS ,863.86
Empresa 1,2024-01-15,Entrada,MENSALIDADE,RENOVE ,105.00
Empresa 1,2024-01-24,Entrada,MENSALIDADE,SACOLAO ,640.28
Empresa 1,2024-01-23,Entrada,MENSALIDADE,SOUZA ,1287.16
Empresa 1,2024-01-23,Entrada,MENSALIDADE,SPADER ,316.62
Empresa 1,2024-02-08,Entrada,MENSALIDADE,STEFFEN ,443.06
Empresa 1,2024-03-13,Entrada,MENSALIDADE,TIAGO ,159.50
Empresa 1,2024-01-23,Entrada,MENSALIDADE,TRANSHENRIQUE ,633.38
Empresa 1,2024-01-17,Entrada,MENSALIDADE,VANESSA ,309.10
Empresa 1,2024-01-18,Entrada,MENSALIDADE,VILLANI ,210.85
Empresa 1,2024-01-16,Entrada,MENSALIDADE,W ,518.94
Empresa 1,2024-01-15,Entrada,MENSALIDADE,AGRICOLA ,402.50
Empresa 1,2024-01-16,Entrada,MENSALIDADE,AGRICOLA ,402.50
Empresa 1,2024-02-20,Entrada,MENSALIDADE,ATACADISTA ,338.28
Empresa 1,2024-01-29,Entrada,MENSALIDADE,BRANES ,425.00
Empresa 1,2024-02-01,Entrada,MENSALIDADE,BRASIL ,516.02
Empresa 1,2024-01-16,Entrada,MENSALIDADE,CLAUDINEI ,755.00
Empresa 1,2024-01-30,Entrada,MENSALIDADE,D ,1342.91
Empresa 1,2024-01-22,Entrada,MENSALIDADE,D.F. ,1687.22
Empresa 1,2024-02-28,Entrada,MENSALIDADE,COMERCIAL ,1095.62
Empresa 1,2024-01-26,Entrada,MENSALIDADE,FRUTAS ,500.00
Empresa 1,2024-01-16,Entrada,MENSALIDADE,GAZOLA ,1000.00
Empresa 1,2024-01-31,Entrada,MENSALIDADE,GENIO ,612.23
Empresa 1,2024-01-16,Entrada,MENSALIDADE,IRMAOS ,800.00
Empresa 1,2024-01-31,Entrada,MENSALIDADE,IRMAOS ,1046.97
Empresa 1,2024-01-31,Entrada,MENSALIDADE,LANDA ,1039.88
Empresa 1,2024-01-16,Entrada,MENSALIDADE,MERCADO ,280.00
Empresa 1,2024-02-20,Entrada,MENSALIDADE,OLIVEIRA ,338.28
Empresa 1,2024-01-26,Entrada,MENSALIDADE,POMAR ,349.89
Empresa 1,2024-01-31,Entrada,MENSALIDADE,REICHERT ,3779.59
Empresa 1,2024-01-31,Entrada,MENSALIDADE,ROXO ,1050.00
Empresa 1,2024-01-16,Entrada,MENSALIDADE,SUPERMERCADO ,1150.00
Empresa 1,2024-01-25,Entrada,MENSALIDADE,TANBOA ,1053.90
Empresa 1,2024-01-23,Entrada,MENSALIDADE,TCHE ,476.39
Empresa 1,2024-01-31,Entrada,MENSALIDADE,UNIFRUTAS ,2520.95
Empresa 1,2024-01-16,Entrada,MENSALIDADE,ZEFERINO ,852.14
Empresa 1,2024-01-12,Entrada,MENSALIDADE,MUSSOI ,5400.00
Empresa 1,2024-02-16,Entrada,MENSALIDADE,AGRICOLA ,402.50
Empresa 1,2024-02-15,Entrada,MENSALIDADE,AGRICOLA ,402.50
Empresa 1,2024-02-27,Entrada,MENSALIDADE,ATACADISTA ,325.76
Empresa 1,2024-02-27,Entrada,MENSALIDADE,BRANES ,425.00
Empresa 1,2024-03-04,Entrada,MENSALIDADE,BRASIL ,515.85
Empresa 1,2024-02-16,Entrada,MENSALIDADE,CLAUDINEI ,755.00
Empresa 1,2024-03-01,Entrada,MENSALIDADE,COMERCIAL ,1095.62
Empresa 1,2024-02-29,Entrada,MENSALIDADE,D ,1342.91
Empresa 1,2024-02-20,Entrada,MENSALIDADE,D.F. ,1687.22
Empresa 1,2024-02-20,Entrada,MENSALIDADE,EPIHAUS ,424.69
Empresa 1,2024-02-23,Entrada,MENSALIDADE,FRUTAS ,500.00
Empresa 1,2024-02-16,Entrada,MENSALIDADE,GAZOLA ,1000.00
Empresa 1,2024-03-01,Entrada,MENSALIDADE,GENIO ,612.23
Empresa 1,2024-02-16,Entrada,MENSALIDADE,IRMAOS ,800.00
Empresa 1,2024-02-29,Entrada,MENSALIDADE,IRMAOS ,1046.97
Empresa 1,2024-03-01,Entrada,MENSALIDADE,LANDA ,1039.88
Empresa 1,2024-02-15,Entrada,MENSALIDADE,MAFS ,1875.00
Empresa 1,2024-02-16,Entrada,MENSALIDADE,MERCADO ,280.00
Empresa 1,2024-02-27,Entrada,MENSALIDADE,OLIVEIRA ,325.76
Empresa 1,2024-02-27,Entrada,MENSALIDADE,POMAR ,349.89
Empresa 1,2024-03-01,Entrada,MENSALIDADE,REICHERT ,3779.59
Empresa 1,2024-03-01,Entrada,MENSALIDADE,ROXO ,1050.00
Empresa 1,2024-02-16,Entrada,MENSALIDADE,SUPERMERCADO ,1150.00
Empresa 1,2024-02-21,Entrada,MENSALIDADE,TANBOA ,1021.89
Empresa 1,2024-02-26,Entrada,MENSALIDADE,TCHE ,476.39
Empresa 1,2024-03-01,Entrada,MENSALIDADE,UNIFRUTAS ,2520.95
Empresa 1,2024-02-16,Entrada,MENSALIDADE,ZEFERINO ,852.14
Empresa 1,2024-04-09,Entrada,MENSALIDADE,ADAO ,312.90
Empresa 1,2024-02-20,Entrada,MENSALIDADE,AMANDA ,268.16
Empresa 1,2024-02-27,Entrada,MENSALIDADE,AMD ,496.40
Empresa 1,2024-02-16,Entrada,MENSALIDADE,ANDRE ,215.42
Empresa 1,2024-02-15,Entrada,MENSALIDADE,ANTONIO ,265.37
Empresa 1,2024-02-21,Entrada,MENSALIDADE,ASTER ,180.44
Empresa 1,2024-02-28,Entrada,MENSALIDADE,BOM ,880.74
Empresa 1,2024-02-27,Entrada,MENSALIDADE,CANAL ,325.92
Empresa 1,2024-02-19,Entrada,MENSALIDADE,CEREAIS ,350.00
Empresa 1,2024-02-20,Entrada,MENSALIDADE,COM ,1194.51
Empresa 1,2024-02-15,Entrada,MENSALIDADE,COM ,536.65
Empresa 1,2024-02-27,Entrada,MENSALIDADE,COMERCIAL ,1490.60
Empresa 1,2024-02-16,Entrada,MENSALIDADE,COMERCIAL ,500.00
Empresa 1,2024-02-21,Entrada,MENSALIDADE,COML ,501.24
Empresa 1,2024-02-21,Entrada,MENSALIDADE,DE ,191.15
Empresa 1,2024-02-20,Entrada,MENSALIDADE,DELMAR ,154.95
Empresa 1,2024-02-21,Entrada,MENSALIDADE,DIEGO ,193.38
Empresa 1,2024-02-21,Entrada,MENSALIDADE,DISTRIB ,956.97
Empresa 1,2024-02-21,Entrada,MENSALIDADE,DISTRIBUIDORA ,310.03
Empresa 1,2024-02-21,Entrada,MENSALIDADE,DUE ,476.39
Empresa 1,2024-02-27,Entrada,SUPORTE,E ,940.62
Empresa 1,2024-04-02,Entrada,MENSALIDADE,EVERTON ,878.97
Empresa 1,2024-02-14,Entrada,SUPORTE,EVERTON ,150.00
Empresa 1,2024-02-21,Entrada,MENSALIDADE,FERRAGEM ,334.55
Empresa 1,2024-02-16,Entrada,MENSALIDADE,FLAVIA ,608.92
Empresa 1,2024-03-20,Entrada,MENSALIDADE,G.W. ,1005.92
Empresa 1,2024-02-16,Entrada,MENSALIDADE,GIACOMINI ,500.00
Empresa 1,2024-02-26,Entrada,MENSALIDADE,GIULIANO ,130.00
Empresa 1,2024-02-26,Entrada,MENSALIDADE,GIULIANO ,193.35
Empresa 1,2024-02-26,Entrada,MENSALIDADE,GIULIANO ,196.81
Empresa 1,2024-02-26,Entrada,MENSALIDADE,H ,595.35
Empresa 1,2024-02-19,Entrada,MENSALIDADE,HLUX ,447.52
Empresa 1,2024-02-27,Entrada,MENSALIDADE,HORLLE ,335.19
Empresa 1,2024-02-16,Entrada,MENSALIDADE,HORTIFRUTIGRANJEIRO ,425.00
Empresa 1,2024-03-01,Entrada,MENSALIDADE,HORTISUL ,257.82
Empresa 1,2024-02-21,Entrada,MENSALIDADE,IRMAOS ,391.25
Empresa 1,2024-02-15,Entrada,MENSALIDADE,JOSE ,118.93
Empresa 1,2024-03-01,Entrada,MENSALIDADE,KARINA ,469.06
Empresa 1,2024-02-28,Entrada,MENSALIDADE,L ,193.12
Empresa 1,2024-02-16,Entrada,MENSALIDADE,LGSR ,65.54
Empresa 1,2024-02-29,Entrada,MENSALIDADE,LUIS ,1306.16
Empresa 1,2024-02-29,Entrada,MENSALIDADE,MANDALA ,190.00
Empresa 1,2024-02-27,Entrada,MENSALIDADE,MARCOS ,185.76
Empresa 1,2024-02-16,Entrada,MENSALIDADE,MERCADO ,156.71
Empresa 1,2024-02-21,Entrada,MENSALIDADE,MIXSUL ,603.85
Empresa 1,2024-02-29,Entrada,MENSALIDADE,MKS ,228.24
Empresa 1,2024-03-01,Entrada,MENSALIDADE,MOTO ,228.24
Empresa 1,2024-02-21,Entrada,MENSALIDADE,NOVA ,524.39
Empresa 1,2024-03-01,Entrada,MENSALIDADE,PERGHER ,510.85
Empresa 1,2024-03-21,Entrada,MENSALIDADE,PERGHER ,389.49
Empresa 1,2024-02-21,Entrada,MENSALIDADE,R ,247.95
Empresa 1,2024-03-15,Entrada,MENSALIDADE,RAS ,861.34
Empresa 1,2024-02-27,Entrada,MENSALIDADE,RENOVE ,105.00
Empresa 1,2024-03-04,Entrada,MENSALIDADE,SACOLAO ,641.75
Empresa 1,2024-02-22,Entrada,MENSALIDADE,SOUZA ,1326.20
Empresa 1,2024-02-21,Entrada,MENSALIDADE,SPADER ,316.62
Empresa 1,2024-03-06,Entrada,MENSALIDADE,STEFFEN ,441.80
Empresa 1,2024-03-13,Entrada,MENSALIDADE,TIAGO ,158.00
Empresa 1,2024-02-21,Entrada,MENSALIDADE,TRANSHENRIQUE ,633.38
Empresa 1,2024-02-28,Entrada,MENSALIDADE,TURQUETTE ,534.81
Empresa 1,2024-02-16,Entrada,MENSALIDADE,VILLANI ,210.85
Empresa 1,2024-02-16,Entrada,MENSALIDADE,W ,518.94
Empresa 1,2024-02-15,Entrada,HARDWARE,JANINE ,1004.08
Empresa 1,2024-02-22,Entrada,HARDWARE,JANINE ,984.68
Empresa 1,2024-02-22,Entrada,HARDWARE,JANINE ,966.95
Empresa 1,2024-02-22,Entrada,HARDWARE,JANINE ,948.25
Empresa 1,2024-02-22,Entrada,HARDWARE,JANINE ,928.87
Empresa 1,2024-02-22,Entrada,HARDWARE,JANINE ,910.88
Empresa 1,2024-02-22,Entrada,HARDWARE,JANINE ,894.17
Empresa 1,2024-02-22,Entrada,HARDWARE,JANINE ,876.20
Empresa 1,2024-02-22,Entrada,HARDWARE,JANINE ,859.56
Empresa 1,2024-02-22,Entrada,HARDWARE,JANINE ,843.15
Empresa 1,2024-02-22,Entrada,HARDWARE,JANINE ,826.68
Empresa 1,2024-02-22,Entrada,HARDWARE,JANINE ,810.97
Empresa 1,2024-02-21,Entrada,MENSALIDADE,TANBOA ,400.00
Empresa 1,2024-03-27,Entrada,MENSALIDADE,ADAO ,150.00
Empresa 1,2024-03-13,Entrada,MENSALIDADE,AMANDA ,260.00
Empresa 1,2024-03-21,Entrada,MENSALIDADE,AMD ,481.01
Empresa 1,2024-03-13,Entrada,MENSALIDADE,ANDRE ,215.42
Empresa 1,2024-03-12,Entrada,MENSALIDADE,ANTONIO ,265.37
Empresa 1,2024-03-21,Entrada,MENSALIDADE,ASTER ,180.44
Empresa 1,2024-03-28,Entrada,MENSALIDADE,BOM ,880.74
Empresa 1,2024-03-26,Entrada,MENSALIDADE,CANAL ,325.92
Empresa 1,2024-03-14,Entrada,MENSALIDADE,CEREAIS ,350.00
Empresa 1,2024-03-21,Entrada,MENSALIDADE,COM ,1194.51
Empresa 1,2024-03-13,Entrada,MENSALIDADE,COM ,553.10
Empresa 1,2024-03-26,Entrada,MENSALIDADE,COMERCIAL ,1490.60
Empresa 1,2024-03-18,Entrada,MENSALIDADE,COMERCIAL ,500.00
Empresa 1,2024-03-20,Entrada,MENSALIDADE,COML ,501.24
Empresa 1,2024-03-21,Entrada,MENSALIDADE,DE ,191.15
Empresa 1,2024-03-20,Entrada,MENSALIDADE,DELMAR ,154.95
Empresa 1,2024-03-21,Entrada,MENSALIDADE,DIEGO ,193.38
Empresa 1,2024-03-25,Entrada,MENSALIDADE,DISTRIB ,986.31
Empresa 1,2024-03-21,Entrada,MENSALIDADE,DISTRIBUIDORA ,310.03
Empresa 1,2024-03-21,Entrada,MENSALIDADE,DUE ,476.39
Empresa 1,2024-03-26,Entrada,SUPORTE,E ,940.62
Empresa 1,2024-03-11,Entrada,SUPORTE,EVERTON ,150.00
Empresa 1,2024-03-21,Entrada,MENSALIDADE,FERRAGEM ,334.55
Empresa 1,2024-03-18,Entrada,MENSALIDADE,FLAVIA ,608.92
Empresa 1,2024-04-08,Entrada,MENSALIDADE,G.W. ,1001.76
Empresa 1,2024-03-18,Entrada,MENSALIDADE,GIACOMINI ,500.00
Empresa 1,2024-03-19,Entrada,MENSALIDADE,GIULIANO ,130.00
Empresa 1,2024-03-18,Entrada,MENSALIDADE,GIULIANO ,187.26
Empresa 1,2024-03-19,Entrada,MENSALIDADE,GIULIANO ,196.81
Empresa 1,2024-03-26,Entrada,MENSALIDADE,H ,595.35
Empresa 1,2024-03-20,Entrada,MENSALIDADE,HLUX ,447.94
Empresa 1,2024-04-04,Entrada,MENSALIDADE,HORLLE ,346.23
Empresa 1,2024-03-18,Entrada,MENSALIDADE,HORTIFRUTIGRANJEIRO ,425.00
Empresa 1,2024-04-04,Entrada,MENSALIDADE,HORTISUL ,260.25
Empresa 1,2024-03-21,Entrada,MENSALIDADE,IRMAOS ,391.25
Empresa 1,2024-03-12,Entrada,MENSALIDADE,JOSE ,118.93
Empresa 1,2024-04-05,Entrada,MENSALIDADE,KARINA ,483.93
Empresa 1,2024-04-04,Entrada,MENSALIDADE,L ,193.54
Empresa 1,2024-03-18,Entrada,MENSALIDADE,LGSR ,65.54
Empresa 1,2024-03-26,Entrada,MENSALIDADE,LUIS ,1306.16
Empresa 1,2024-03-28,Entrada,MENSALIDADE,MANDALA ,190.00
Empresa 1,2024-04-01,Entrada,MENSALIDADE,MARCOS ,185.88
Empresa 1,2024-03-12,Entrada,MENSALIDADE,MERCADO ,156.71
Empresa 1,2024-03-21,Entrada,MENSALIDADE,MIXSUL ,603.85
Empresa 1,2024-03-28,Entrada,MENSALIDADE,MKS ,228.24
Empresa 1,2024-04-02,Entrada,MENSALIDADE,MOTO ,228.24
Empresa 1,2024-03-21,Entrada,MENSALIDADE,NOVA ,524.39
Empresa 1,2024-03-26,Entrada,MENSALIDADE,PERGHER ,495.35
Empresa 1,2024-03-26,Entrada,MENSALIDADE,PERGHER ,375.35
Empresa 1,2024-03-21,Entrada,MENSALIDADE,R ,247.95
Empresa 1,2024-04-18,Entrada,MENSALIDADE,RAS ,862.74
Empresa 1,2024-03-26,Entrada,MENSALIDADE,RENOVE ,105.00
Empresa 1,2024-03-26,Entrada,MENSALIDADE,SACOLAO ,640.70
Empresa 1,2024-05-03,Entrada,MENSALIDADE,SCHWANCK ,879.53
Empresa 1,2024-03-21,Entrada,MENSALIDADE,SOUZA ,1287.16
Empresa 1,2024-03-21,Entrada,MENSALIDADE,SPADER ,316.62
Empresa 1,2024-03-27,Entrada,MENSALIDADE,STEFFEN ,441.38
Empresa 1,2024-03-20,Entrada,MENSALIDADE,TRANSHENRIQUE ,633.38
Empresa 1,2024-03-28,Entrada,MENSALIDADE,TURQUETTE ,534.81
Empresa 1,2024-03-18,Entrada,MENSALIDADE,VILLANI ,210.85
Empresa 1,2024-03-18,Entrada,MENSALIDADE,W ,518.94
Empresa 1,2024-03-15,Entrada,MENSALIDADE,AGRICOLA ,402.50
Empresa 1,2024-03-14,Entrada,MENSALIDADE,AGRICOLA ,402.50
Empresa 1,2024-04-05,Entrada,MENSALIDADE,ATACADISTA ,336.63
Empresa 1,2024-03-27,Entrada,MENSALIDADE,BRANES ,425.00
Empresa 1,2024-04-04,Entrada,MENSALIDADE,BRASIL ,516.53
Empresa 1,2024-03-18,Entrada,MENSALIDADE,CLAUDINEI ,855.00
Empresa 1,2024-04-03,Entrada,MENSALIDADE,COMERCIAL ,1096.00
Empresa 1,2024-04-01,Entrada,MENSALIDADE,D ,1342.91
Empresa 1,2024-03-21,Entrada,MENSALIDADE,D.F. ,1687.22
Empresa 1,2024-03-21,Entrada,MENSALIDADE,EPIHAUS ,424.69
Empresa 1,2024-03-27,Entrada,MENSALIDADE,FRUTAS ,515.17
Empresa 1,2024-03-15,Entrada,MENSALIDADE,GAZOLA ,1000.00
Empresa 1,2024-04-02,Entrada,MENSALIDADE,GENIO ,612.23
Empresa 1,2024-03-18,Entrada,MENSALIDADE,IRMAOS ,800.00
Empresa 1,2024-04-02,Entrada,MENSALIDADE,IRMAOS ,1046.97
Empresa 1,2024-04-02,Entrada,MENSALIDADE,LANDA ,1039.88
Empresa 1,2024-03-12,Entrada,MENSALIDADE,MAFS ,1875.00
Empresa 1,2024-03-18,Entrada,MENSALIDADE,MERCADO ,280.00
Empresa 1,2024-04-05,Entrada,MENSALIDADE,OLIVEIRA ,336.63
Empresa 1,2024-03-26,Entrada,MENSALIDADE,POMAR ,349.89
Empresa 1,2024-04-02,Entrada,MENSALIDADE,REICHERT ,3779.59
Empresa 1,2024-04-02,Entrada,MENSALIDADE,ROXO ,1050.00
Empresa 1,2024-03-18,Entrada,MENSALIDADE,SUPERMERCADO ,1150.00
Empresa 1,2024-03-22,Entrada,MENSALIDADE,TANBOA ,1021.89
Empresa 1,2024-03-25,Entrada,MENSALIDADE,TCHE ,476.39
Empresa 1,2024-04-02,Entrada,MENSALIDADE,UNIFRUTAS ,2520.95
Empresa 1,2024-03-20,Entrada,MENSALIDADE,ZEFERINO ,878.82
Empresa 1,2024-03-15,Entrada,HARDWARE,JANINE ,1020.97
Empresa 1,2024-03-15,Entrada,HARDWARE,JANINE ,19.03
Empresa 1,2024-04-30,Entrada,MENSALIDADE,ADAO ,154.85
Empresa 1,2024-04-12,Entrada,MENSALIDADE,ANTONIO ,273.42
Empresa 1,2024-04-16,Entrada,MENSALIDADE,COM ,553.64
Empresa 1,2024-04-11,Entrada,MENSALIDADE,DELMAR ,150.00
Empresa 1,2024-04-11,Entrada,MENSALIDADE,JOSE ,118.93
Empresa 1,2024-04-12,Entrada,MENSALIDADE,MERCADO ,156.71
Empresa 1,2024-04-11,Entrada,MENSALIDADE,MAFS ,1875.01
Empresa 1,2024-04-24,Entrada,MENSALIDADE,ZEFERINO ,879.66
Empresa 1,2024-05-02,Entrada,MENSALIDADE,UNIFRUTAS ,2520.95
Empresa 1,2024-04-23,Entrada,MENSALIDADE,TCHE ,476.39
Empresa 1,2024-04-23,Entrada,MENSALIDADE,TANBOA ,1021.89
Empresa 1,2024-04-16,Entrada,MENSALIDADE,SUPERMERCADO ,1150.00
Empresa 1,2024-05-02,Entrada,MENSALIDADE,ROXO ,1050.00
Empresa 1,2024-05-02,Entrada,MENSALIDADE,REICHERT ,3779.59
Empresa 1,2024-06-06,Entrada,MENSALIDADE,POMAR ,638.79
Empresa 1,2024-06-06,Entrada,MENSALIDADE,POMAR ,638.79
Empresa 1,2024-04-30,Entrada,MENSALIDADE,OLIVEIRA ,335.97
Empresa 1,2024-04-16,Entrada,MENSALIDADE,MERCADO ,280.01
Empresa 1,2024-05-02,Entrada,MENSALIDADE,LANDA ,1089.88
Empresa 1,2024-05-02,Entrada,MENSALIDADE,IRMAOS ,1046.97
Empresa 1,2024-04-16,Entrada,MENSALIDADE,IRMAOS ,800.00
Empresa 1,2024-05-02,Entrada,MENSALIDADE,GENIO ,612.23
Empresa 1,2024-04-16,Entrada,MENSALIDADE,GAZOLA ,1000.00
Empresa 1,2024-04-26,Entrada,MENSALIDADE,FRUTAS ,500.01
Empresa 1,2024-05-10,Entrada,MENSALIDADE,EPIHAUS ,440.09
Empresa 1,2024-04-22,Entrada,MENSALIDADE,D.F. ,1687.23
Empresa 1,2024-04-30,Entrada,MENSALIDADE,D ,1342.91
Empresa 1,2024-05-02,Entrada,MENSALIDADE,COMERCIAL ,1095.62
Empresa 1,2024-04-16,Entrada,MENSALIDADE,CLAUDINEI ,855.00
Empresa 1,2024-05-28,Entrada,MENSALIDADE,BRASIL ,520.44
Empresa 1,2024-04-30,Entrada,MENSALIDADE,BRANES ,425.02
Empresa 1,2024-04-30,Entrada,MENSALIDADE,ATACADISTA ,335.97
Empresa 1,2024-04-16,Entrada,MENSALIDADE,AGRICOLA ,402.50
Empresa 1,2024-04-16,Entrada,MENSALIDADE,AGRICOLA ,402.50
Empresa 1,2024-04-23,Entrada,MENSALIDADE,AMANDA ,268.34
Empresa 1,2024-04-22,Entrada,MENSALIDADE,AMD ,481.01
Empresa 1,2024-04-17,Entrada,MENSALIDADE,ANDRE ,215.42
Empresa 1,2024-04-23,Entrada,MENSALIDADE,ASTER ,180.45
Empresa 1,2024-04-30,Entrada,MENSALIDADE,BOM ,880.74
Empresa 1,2024-04-25,Entrada,MENSALIDADE,CANAL ,325.92
Empresa 1,2024-04-17,Entrada,MENSALIDADE,CEREAIS ,350.00
Empresa 1,2024-04-23,Entrada,MENSALIDADE,COM ,1194.51
Empresa 1,2024-04-26,Entrada,MENSALIDADE,COMERCIAL ,1490.60
Empresa 1,2024-04-17,Entrada,MENSALIDADE,COMERCIAL ,500.00
Empresa 1,2024-04-22,Entrada,MENSALIDADE,COML ,501.24
Empresa 1,2024-04-23,Entrada,MENSALIDADE,DE ,191.15
Empresa 1,2024-04-23,Entrada,MENSALIDADE,DIEGO ,193.38
Empresa 1,2024-04-22,Entrada,MENSALIDADE,DISTRIB ,956.97
Empresa 1,2024-04-26,Entrada,MENSALIDADE,DISTRIBUIDORA ,319.83
Empresa 1,2024-04-23,Entrada,MENSALIDADE,DUE ,476.39
Empresa 1,2024-04-25,Entrada,SUPORTE,E ,940.62
Empresa 1,2024-04-17,Entrada,SUPORTE,EVERTON ,154.55
Empresa 1,2024-04-18,Entrada,MENSALIDADE,FERRAGEM ,334.55
Empresa 1,2024-04-16,Entrada,MENSALIDADE,FLAVIA ,608.92
Empresa 1,2024-05-31,Entrada,MENSALIDADE,G.W. ,1009.12
Empresa 1,2024-04-17,Entrada,MENSALIDADE,GIACOMINI ,500.00
Empresa 1,2024-04-23,Entrada,MENSALIDADE,GIULIANO ,237.26
Empresa 1,2024-04-30,Entrada,MENSALIDADE,GIULIANO ,196.81
Empresa 1,2024-04-30,Entrada,MENSALIDADE,GIULIANO ,130.00
Empresa 1,2024-04-26,Entrada,MENSALIDADE,H ,595.35
Empresa 1,2024-04-17,Entrada,MENSALIDADE,HLUX ,447.52
Empresa 1,2024-05-27,Entrada,MENSALIDADE,HORLLE ,348.43
Empresa 1,2024-04-16,Entrada,MENSALIDADE,HORTIFRUTIGRANJEIRO ,425.01
Empresa 1,2024-04-17,Entrada,MENSALIDADE,HORTISUL ,250.00
Empresa 1,2024-04-26,Entrada,MENSALIDADE,IRMAOS ,403.63
Empresa 1,2024-06-04,Entrada,MENSALIDADE,KARINA ,488.58
Empresa 1,2024-04-23,Entrada,MENSALIDADE,L ,187.09
Empresa 1,2024-04-17,Entrada,MENSALIDADE,LGSR ,65.54
Empresa 1,2024-04-30,Entrada,MENSALIDADE,LUIS ,1306.16
Empresa 1,2024-05-07,Entrada,MENSALIDADE,MANDALA ,196.18
Empresa 1,2024-04-30,Entrada,MENSALIDADE,MARCOS ,185.94
Empresa 1,2024-04-23,Entrada,MENSALIDADE,MIXSUL ,603.85
Empresa 1,2024-04-26,Entrada,MENSALIDADE,MKS ,228.24
Empresa 1,2024-05-02,Entrada,MENSALIDADE,MOTO ,228.24
Empresa 1,2024-04-23,Entrada,MENSALIDADE,NOVA ,524.39
Empresa 1,2024-04-30,Entrada,MENSALIDADE,PERGHER ,510.85
Empresa 1,2024-04-30,Entrada,MENSALIDADE,PERGHER ,387.09
Empresa 1,2024-06-03,Entrada,MENSALIDADE,RAS ,866.38
Empresa 1,2024-04-24,Entrada,MENSALIDADE,RENOVE ,105.00
Empresa 1,2024-04-29,Entrada,MENSALIDADE,SACOLAO ,692.30
Empresa 1,2024-06-06,Entrada,MENSALIDADE,SCHWANCK ,880.37
Empresa 1,2024-04-23,Entrada,MENSALIDADE,SOUZA ,1287.16
Empresa 1,2024-04-29,Entrada,MENSALIDADE,STEFFEN ,441.38
Empresa 1,2024-04-23,Entrada,MENSALIDADE,TRANSHENRIQUE ,633.38
Empresa 1,2024-04-30,Entrada,MENSALIDADE,TURQUETTE ,230.00
Empresa 1,2024-04-16,Entrada,MENSALIDADE,VILLANI ,210.85
Empresa 1,2024-04-26,Entrada,MENSALIDADE,W ,618.94
Empresa 1,2024-04-15,Entrada,HARDWARE,JANINE ,1018.91
Empresa 1,2024-06-05,Entrada,MENSALIDADE,CAFE ,300.00
Empresa 1,2024-06-05,Entrada,MENSALIDADE,CAFE ,300.00
Empresa 1,2024-06-05,Entrada,MENSALIDADE,CAFE ,300.00
Empresa 1,2024-06-05,Entrada,MENSALIDADE,CAFE ,300.00
Empresa 1,2024-06-05,Entrada,MENSALIDADE,CAFE ,300.00
Empresa 1,2024-06-05,Entrada,MENSALIDADE,CAFE ,300.00
Empresa 1,2024-05-31,Entrada,MENSALIDADE,ANDRE ,258.30
Empresa 1,2024-05-21,Entrada,MENSALIDADE,ANDRE ,250.00
Empresa 1,2024-05-22,Entrada,MENSALIDADE,AMANDA ,268.34
Empresa 1,2024-05-27,Entrada,MENSALIDADE,AMD ,496.08
Empresa 1,2024-05-14,Entrada,MENSALIDADE,ANDRE ,215.42
Empresa 1,2024-05-16,Entrada,MENSALIDADE,ANDRE ,180.00
Empresa 1,2024-05-16,Entrada,MENSALIDADE,ANTONIO ,265.37
Empresa 1,2024-05-21,Entrada,MENSALIDADE,ASTER ,180.45
Empresa 1,2024-05-28,Entrada,MENSALIDADE,BOM ,880.74
Empresa 1,2024-05-27,Entrada,MENSALIDADE,CANAL ,325.92
Empresa 1,2024-05-15,Entrada,MENSALIDADE,CEREAIS ,350.00
Empresa 1,2024-05-21,Entrada,MENSALIDADE,COM ,1194.51
Empresa 1,2024-05-16,Entrada,MENSALIDADE,COM ,536.65
Empresa 1,2024-05-28,Entrada,MENSALIDADE,COMERCIAL ,1490.60
Empresa 1,2024-05-16,Entrada,MENSALIDADE,COMERCIAL ,500.00
Empresa 1,2024-05-21,Entrada,MENSALIDADE,COML ,501.24
Empresa 1,2024-05-21,Entrada,MENSALIDADE,DE ,191.15
Empresa 1,2024-05-28,Entrada,MENSALIDADE,DELMAR ,155.10
Empresa 1,2024-05-21,Entrada,MENSALIDADE,DIEGO ,193.38
Empresa 1,2024-05-28,Entrada,MENSALIDADE,DISTRIB ,987.91
Empresa 1,2024-05-21,Entrada,MENSALIDADE,DISTRIBUIDORA ,310.03
Empresa 1,2024-05-21,Entrada,MENSALIDADE,DUE ,476.39
Empresa 1,2024-05-28,Entrada,SUPORTE,E ,940.62
Empresa 1,2024-07-02,Entrada,MENSALIDADE,EVERTON ,880.00
Empresa 1,2024-05-27,Entrada,SUPORTE,EVERTON ,154.95
Empresa 1,2024-05-21,Entrada,MENSALIDADE,FERRAGEM ,334.55
Empresa 1,2024-05-16,Entrada,MENSALIDADE,FLAVIA ,608.92
Empresa 1,2024-06-10,Entrada,MENSALIDADE,G.W. ,1002.40
Empresa 1,2024-05-15,Entrada,MENSALIDADE,GIACOMINI ,500.00
Empresa 1,2024-05-21,Entrada,MENSALIDADE,H ,595.35
Empresa 1,2024-05-17,Entrada,MENSALIDADE,HLUX ,447.52
Empresa 1,2024-05-27,Entrada,MENSALIDADE,HORLLE ,335.19
Empresa 1,2024-07-01,Entrada,MENSALIDADE,HORTISUL ,250.00
Empresa 1,2024-05-29,Entrada,MENSALIDADE,IRMAOS ,404.02
Empresa 1,2024-05-16,Entrada,MENSALIDADE,JOSE ,118.93
Empresa 1,2024-06-03,Entrada,MENSALIDADE,KARINA ,469.07
Empresa 1,2024-05-21,Entrada,MENSALIDADE,L ,187.09
Empresa 1,2024-05-16,Entrada,MENSALIDADE,LGSR ,65.54
Empresa 1,2024-05-28,Entrada,MENSALIDADE,LUIS ,1306.16
Empresa 1,2024-06-07,Entrada,MENSALIDADE,MANDALA ,196.24
Empresa 1,2024-06-10,Entrada,MENSALIDADE,MARCOS ,186.48
Empresa 1,2024-05-21,Entrada,MENSALIDADE,MIXSUL ,603.85
Empresa 1,2024-05-28,Entrada,MENSALIDADE,MKS ,228.24
Empresa 1,2024-05-31,Entrada,MENSALIDADE,MOTO ,228.24
Empresa 1,2024-05-21,Entrada,MENSALIDADE,NOVA ,524.39
Empresa 1,2024-06-06,Entrada,MENSALIDADE,PERGHER ,511.97
Empresa 1,2024-06-06,Entrada,MENSALIDADE,PERGHER ,387.93
Empresa 1,2024-07-02,Entrada,MENSALIDADE,RAS ,866.66
Empresa 1,2024-05-28,Entrada,MENSALIDADE,RENOVE ,105.00
Empresa 1,2024-05-27,Entrada,MENSALIDADE,SACOLAO ,692.08
Empresa 1,2024-07-08,Entrada,MENSALIDADE,SCHWANCK ,880.37
Empresa 1,2024-05-21,Entrada,MENSALIDADE,SOUZA ,1287.16
Empresa 1,2024-05-21,Entrada,MENSALIDADE,STEFFEN ,428.39
Empresa 1,2024-05-21,Entrada,MENSALIDADE,TRANSHENRIQUE ,633.38
Empresa 1,2024-05-16,Entrada,MENSALIDADE,VILLANI ,210.85
Empresa 1,2024-05-21,Entrada,MENSALIDADE,W ,638.55
Empresa 1,2024-05-16,Entrada,MENSALIDADE,AGRICOLA ,402.50
Empresa 1,2024-05-16,Entrada,MENSALIDADE,AGRICOLA ,402.50
Empresa 1,2024-05-28,Entrada,MENSALIDADE,BRANES ,425.02
Empresa 1,2024-06-10,Entrada,MENSALIDADE,BRASIL ,517.21
Empresa 1,2024-05-16,Entrada,MENSALIDADE,CLAUDINEI ,855.00
Empresa 1,2024-07-04,Entrada,MENSALIDADE,COMERCIAL ,1096.00
Empresa 1,2024-05-29,Entrada,MENSALIDADE,D ,1342.91
Empresa 1,2024-05-21,Entrada,MENSALIDADE,D.F. ,1687.23
Empresa 1,2024-06-05,Entrada,MENSALIDADE,EPIHAUS ,439.53
Empresa 1,2024-05-28,Entrada,MENSALIDADE,FRUTAS ,500.01
Empresa 1,2024-05-21,Entrada,MENSALIDADE,GAZOLA ,1031.65
Empresa 1,2024-06-03,Entrada,MENSALIDADE,GENIO ,612.23
Empresa 1,2024-05-16,Entrada,MENSALIDADE,IRMAOS ,800.00
Empresa 1,2024-06-03,Entrada,MENSALIDADE,IRMAOS ,1046.97
Empresa 1,2024-06-03,Entrada,MENSALIDADE,LANDA ,1089.88
Empresa 1,2024-05-17,Entrada,MENSALIDADE,MAFS ,1931.88
Empresa 1,2024-05-16,Entrada,MENSALIDADE,MERCADO ,280.01
Empresa 1,2024-06-06,Entrada,MENSALIDADE,POMAR ,632.79
Empresa 1,2024-05-28,Entrada,MENSALIDADE,POMAR ,612.23
Empresa 1,2024-06-03,Entrada,MENSALIDADE,REICHERT ,3779.59
Empresa 1,2024-05-31,Entrada,MENSALIDADE,ROXO ,1050.00
Empresa 1,2024-05-22,Entrada,MENSALIDADE,SUPERMERCADO ,1150.00
Empresa 1,2024-05-21,Entrada,MENSALIDADE,TANBOA ,1021.89
Empresa 1,2024-05-24,Entrada,MENSALIDADE,TCHE ,476.39
Empresa 1,2024-05-16,Entrada,MENSALIDADE,TRANSANTA ,790.00
Empresa 1,2024-06-03,Entrada,MENSALIDADE,TURQUETTE ,230.00
Empresa 1,2024-06-03,Entrada,MENSALIDADE,UNIFRUTAS ,2520.95
Empresa 1,2024-05-16,Entrada,MENSALIDADE,ZEFERINO ,852.14
Empresa 1,2024-05-21,Entrada,MENSALIDADE,TRANSANTA ,766.67
Empresa 1,2024-06-18,Entrada,MENSALIDADE,TRANSANTA ,766.67
Empresa 1,2024-06-11,Entrada,MENSALIDADE,ADAO ,150.00
Empresa 1,2024-06-05,Entrada,MENSALIDADE,MERCADO ,156.71
Empresa 1,2024-05-28,Entrada,MENSALIDADE,PORTAL ,1500.00
Empresa 1,2024-06-10,Entrada,MENSALIDADE,DISTRIBUIDORA ,400.00
Empresa 1,2024-05-29,Entrada,MENSALIDADE,IRMAOS ,782.50
Empresa 1,2024-06-18,Entrada,MENSALIDADE,ZEFERINO ,852.14
Empresa 1,2024-07-01,Entrada,MENSALIDADE,UNIFRUTAS ,2520.95
Empresa 1,2024-06-24,Entrada,MENSALIDADE,TURQUETTE ,230.00
Empresa 1,2024-06-18,Entrada,MENSALIDADE,TRANSANTA ,790.00
Empresa 1,2024-06-25,Entrada,MENSALIDADE,TCHE ,476.39
Empresa 1,2024-06-21,Entrada,MENSALIDADE,TANBOA ,1021.89
Empresa 1,2024-06-18,Entrada,MENSALIDADE,SUPERMERCADO ,1150.00
Empresa 1,2024-07-02,Entrada,MENSALIDADE,ROXO ,1050.00
Empresa 1,2024-07-02,Entrada,MENSALIDADE,REICHERT ,3779.59
Empresa 1,2024-06-12,Entrada,MENSALIDADE,PORTAL ,450.00
Empresa 1,2024-06-26,Entrada,MENSALIDADE,POMAR ,1112.26
Empresa 1,2024-06-26,Entrada,MENSALIDADE,PORTAL ,530.04
Empresa 1,2024-07-04,Entrada,MENSALIDADE,POMAR ,632.19
Empresa 1,2024-06-18,Entrada,MENSALIDADE,MERCADO ,280.01
Empresa 1,2024-06-13,Entrada,MENSALIDADE,MAFS ,1720.01
Empresa 1,2024-07-02,Entrada,MENSALIDADE,LANDA ,1089.88
Empresa 1,2024-06-18,Entrada,MENSALIDADE,IRMAOS ,800.00
Empresa 1,2024-07-02,Entrada,MENSALIDADE,GENIO ,612.23
Empresa 1,2024-07-01,Entrada,MENSALIDADE,IRMAOS ,1046.97
Empresa 1,2024-06-12,Entrada,MENSALIDADE,GAZOLA ,1000.00
Empresa 1,2024-07-03,Entrada,MENSALIDADE,FRUTAS ,516.20
Empresa 1,2024-06-21,Entrada,MENSALIDADE,EPIHAUS ,424.69
Empresa 1,2024-06-21,Entrada,MENSALIDADE,D.F. ,1687.23
Empresa 1,2024-07-01,Entrada,MENSALIDADE,D ,1342.91
Empresa 1,2024-07-04,Entrada,MENSALIDADE,COMERCIAL ,1096.00
Empresa 1,2024-06-17,Entrada,MENSALIDADE,CLAUDINEI ,855.00
Empresa 1,2024-07-03,Entrada,MENSALIDADE,BRASIL ,516.19
Empresa 1,2024-06-27,Entrada,MENSALIDADE,BRANES ,425.02
Empresa 1,2024-06-18,Entrada,MENSALIDADE,AGRICOLA ,402.50
Empresa 1,2024-06-17,Entrada,MENSALIDADE,AGRICOLA ,402.50
Empresa 1,2024-07-04,Entrada,MENSALIDADE,ADAO ,155.15
Empresa 1,2024-06-27,Entrada,MENSALIDADE,AMANDA ,268.79
Empresa 1,2024-06-20,Entrada,MENSALIDADE,AMD ,481.01
Empresa 1,2024-06-12,Entrada,MENSALIDADE,ANDRE ,215.42
Empresa 1,2024-07-03,Entrada,MENSALIDADE,ANDRE ,186.42
Empresa 1,2024-06-14,Entrada,MENSALIDADE,ANTONIO ,273.42
Empresa 1,2024-06-21,Entrada,MENSALIDADE,ASTER ,180.45
Empresa 1,2024-06-28,Entrada,MENSALIDADE,BOM ,880.74
Empresa 1,2024-06-25,Entrada,MENSALIDADE,CANAL ,325.92
Empresa 1,2024-06-18,Entrada,MENSALIDADE,CEREAIS ,350.00
Empresa 1,2024-06-21,Entrada,MENSALIDADE,COM ,1194.51
Empresa 1,2024-06-14,Entrada,MENSALIDADE,COM ,552.92
Empresa 1,2024-06-26,Entrada,MENSALIDADE,COMERCIAL ,1490.60
Empresa 1,2024-06-18,Entrada,MENSALIDADE,COMERCIAL ,500.00
Empresa 1,2024-06-20,Entrada,MENSALIDADE,COML ,501.24
Empresa 1,2024-06-21,Entrada,MENSALIDADE,DE ,191.15
Empresa 1,2024-06-14,Entrada,MENSALIDADE,DELMAR ,154.55
Empresa 1,2024-06-21,Entrada,MENSALIDADE,DIEGO ,193.38
Empresa 1,2024-06-20,Entrada,MENSALIDADE,DISTRIB ,1186.99
Empresa 1,2024-06-21,Entrada,MENSALIDADE,DISTRIBUIDORA ,310.03
Empresa 1,2024-06-18,Entrada,MENSALIDADE,DUE ,476.39
Empresa 1,2024-06-27,Entrada,SUPORTE,E ,940.62
Empresa 1,2024-06-18,Entrada,SUPORTE,EVERTON ,150.00
Empresa 1,2024-06-19,Entrada,MENSALIDADE,FERRAGEM ,334.55
Empresa 1,2024-06-18,Entrada,MENSALIDADE,FLAVIA ,608.92
Empresa 1,2024-07-03,Entrada,MENSALIDADE,G.W. ,1443.72
Empresa 1,2024-07-03,Entrada,MENSALIDADE,GIACOMINI ,250.00
Empresa 1,2024-06-18,Entrada,MENSALIDADE,GIULIANO ,237.26
Empresa 1,2024-06-18,Entrada,MENSALIDADE,GIULIANO ,196.81
Empresa 1,2024-06-18,Entrada,MENSALIDADE,GIULIANO ,130.00
Empresa 1,2024-06-25,Entrada,MENSALIDADE,H ,745.36
Empresa 1,2024-06-20,Entrada,MENSALIDADE,HLUX ,447.94
Empresa 1,2024-07-03,Entrada,MENSALIDADE,HORLLE ,346.01
Empresa 1,2024-06-28,Entrada,MENSALIDADE,HORTISUL ,257.66
Empresa 1,2024-06-10,Entrada,MENSALIDADE,IRMAOS ,391.25
Empresa 1,2024-06-18,Entrada,MENSALIDADE,JOSE ,122.69
Empresa 1,2024-07-02,Entrada,MENSALIDADE,KARINA ,469.07
Empresa 1,2024-06-21,Entrada,MENSALIDADE,L ,187.09
Empresa 1,2024-06-25,Entrada,MENSALIDADE,LUIS ,1306.16
Empresa 1,2024-07-02,Entrada,MENSALIDADE,MANDALA ,195.88
Empresa 1,2024-06-12,Entrada,MENSALIDADE,MARCOS ,180.00
Empresa 1,2024-06-13,Entrada,MENSALIDADE,MERCADO ,156.71
Empresa 1,2024-06-21,Entrada,MENSALIDADE,MIXSUL ,603.85
Empresa 1,2024-06-27,Entrada,MENSALIDADE,MKS ,228.24
Empresa 1,2024-07-02,Entrada,MENSALIDADE,MOTO ,228.24
Empresa 1,2024-06-21,Entrada,MENSALIDADE,NOVA ,975.08
Empresa 1,2024-07-03,Entrada,MENSALIDADE,PERGHER ,511.33
Empresa 1,2024-07-03,Entrada,MENSALIDADE,PERGHER ,387.45
Empresa 1,2024-06-25,Entrada,MENSALIDADE,RENOVE ,105.00
Empresa 1,2024-07-03,Entrada,MENSALIDADE,SACOLAO ,693.84
Empresa 1,2024-06-21,Entrada,MENSALIDADE,SOUZA ,1287.16
Empresa 1,2024-07-02,Entrada,MENSALIDADE,STEFFEN ,442.08
Empresa 1,2024-06-20,Entrada,MENSALIDADE,TRANSHENRIQUE ,633.38
Empresa 1,2024-06-18,Entrada,MENSALIDADE,VILLANI ,210.85
Empresa 1,2024-06-18,Entrada,MENSALIDADE,W ,618.94
Empresa 1,2024-06-10,Entrada,MENSALIDADE,H ,1500.00
Empresa 1,2024-06-17,Entrada,HARDWARE,JANINE ,1042.23
Empresa 1,2024-06-24,Entrada,MENSALIDADE,XODO ,650.00
Empresa 1,2024-06-24,Entrada,MENSALIDADE,XODO ,650.00
Empresa 1,2024-07-03,Entrada,MENSALIDADE,W ,340.67
Empresa 1,2024-07-11,Entrada,MENSALIDADE,M. ,1200.00
Empresa 1,2024-07-10,Entrada,MENSALIDADE,ANDRE ,215.42
Empresa 1,2024-07-11,Entrada,MENSALIDADE,ANTONIO ,265.37
Empresa 1,2024-07-11,Entrada,MENSALIDADE,COM ,536.65
Empresa 1,2024-07-11,Entrada,MENSALIDADE,JOSE ,118.93
Empresa 1,2024-07-11,Entrada,MENSALIDADE,MERCADO ,156.71
Empresa 1,2024-02-06,Saida,SALARIOS, ,66.94
Empresa 1,2024-01-15,Saida,EMPRESTIMO SICREDI, ,1575.14
Empresa 1,2024-02-15,Saida,EMPRESTIMO SICREDI, ,1575.14
Empresa 1,2024-03-15,Saida,EMPRESTIMO SICREDI, ,887.85
Empresa 1,2024-04-16,Saida,EMPRESTIMO SICREDI, ,1608.14
Empresa 1,2024-06-17,Saida,EMPRESTIMO SICREDI, ,1625.72
Empresa 1,2024-01-22,Saida,EMPRESTIMO SICREDI, ,742.14
Empresa 1,2024-02-21,Saida,EMPRESTIMO SICREDI, ,731.39
Empresa 1,2024-03-21,Saida,EMPRESTIMO SICREDI, ,725.29
Empresa 1,2024-04-22,Saida,EMPRESTIMO SICREDI, ,717.16
Empresa 1,2024-05-21,Saida,EMPRESTIMO SICREDI, ,705.32
Empresa 1,2024-06-21,Saida,EMPRESTIMO SICREDI, ,702.89
Empresa 1,2024-01-12,Saida,EMPRESTIMO BRADESCO, ,6453.34
Empresa 1,2024-02-14,Saida,EMPRESTIMO BRADESCO, ,6453.34
Empresa 1,2024-03-12,Saida,EMPRESTIMO BRADESCO, ,6453.34
Empresa 1,2024-04-12,Saida,EMPRESTIMO BRADESCO, ,6453.34
Empresa 1,2024-01-08,Saida,EMPRESTIMO BRADESCO, ,878.83
Empresa 1,2024-02-06,Saida,EMPRESTIMO BRADESCO, ,878.83
Empresa 1,2024-03-06,Saida,EMPRESTIMO BRADESCO, ,878.83
Empresa 1,2024-04-08,Saida,EMPRESTIMO BRADESCO, ,878.83
Empresa 1,2024-05-06,Saida,EMPRESTIMO BRADESCO, ,878.83
Empresa 1,2024-06-06,Saida,EMPRESTIMO BRADESCO, ,878.83
Empresa 1,2024-07-08,Saida,EMPRESTIMO BRADESCO, ,878.83
Empresa 1,2024-01-19,Saida,SIMPLES NACIONAL A PAGAR, ,2812.29
Empresa 1,2024-06-24,Saida,INSS A RECOLHER, ,3110.94
Empresa 1,2024-06-24,Saida,INSS A RECOLHER, ,3331.30
Empresa 1,2024-01-11,Saida,SALARIOS, ,2708.96
Empresa 1,2024-06-24,Saida,INSS A RECOLHER, ,1566.59
Empresa 1,2024-06-24,Saida,INSS A RECOLHER, ,3110.94
Empresa 1,2024-01-16,Saida,CONTABILIDADE, ,154.90
Empresa 1,2024-01-16,Saida,ALUGUEIS A PAGAR, ,912.56
Empresa 1,2024-01-16,Saida,SERVIÇOS DE SISTEMAS DE INFORMAÇÃO, ,479.00
Empresa 1,2024-01-05,Saida,FORNECEDORES, ,2800.00
Empresa 1,2024-01-05,Saida,FORNECEDORES, ,1600.00
Empresa 1,2024-01-05,Saida,FORNECEDORES, ,2187.06
Empresa 1,2024-01-05,Saida,SALARIOS, ,3520.14
Empresa 1,2024-01-05,Saida,SALARIOS, ,1596.07
Empresa 1,2024-01-05,Saida,SALARIOS, ,2985.35
Empresa 1,2024-01-05,Saida,SALARIOS, ,1114.94
Empresa 1,2024-01-05,Saida,SALARIOS, ,3041.94
Empresa 1,2024-01-05,Saida,SALARIOS, ,1808.28
Empresa 1,2024-01-05,Saida,SALARIOS, ,3048.95
Empresa 1,2024-01-05,Saida,SALARIOS, ,2805.94
Empresa 1,2024-01-05,Saida,SALARIOS, ,2793.37
Empresa 1,2024-01-05,Saida,PRO-LABORE, ,2121.98
Empresa 1,2024-01-05,Saida,FGTS A RECOLHER, ,2387.38
Empresa 1,2024-01-10,Saida,CONDOMINIO, ,249.16
Empresa 1,2024-01-10,Saida,CONDOMINIO, ,289.74
Empresa 1,2024-01-05,Saida,PRO-LABORE, ,2121.97
Empresa 1,2024-01-16,Saida,ASSINATURAS, ,52.00
Empresa 1,2024-01-16,Saida,CONDOMINIO, ,198.83
Empresa 1,2024-01-16,Saida,CONDOMINIO, ,230.24
Empresa 1,2024-01-16,Saida,FORNECEDORES, ,1716.66
Empresa 1,2024-01-19,Saida,ENERGIA ELETRICA, ,590.77
Empresa 1,2024-01-19,Saida,TELEFONIA E INTERNET, ,139.48
Empresa 1,2024-01-19,Saida,TELEFONIA E INTERNET, ,299.99
Empresa 1,2024-01-19,Saida,GSO, ,100.00
Empresa 1,2024-06-24,Saida,INSS A RECOLHER, ,3498.00
Empresa 1,2024-01-19,Saida,ASSINATURAS, ,89.00
Empresa 1,2024-02-15,Saida,HARDWARE, ,1018.04
Empresa 1,2024-03-15,Saida,HARDWARE, ,1020.97
Empresa 1,2024-04-16,Saida,HARDWARE, ,1015.00
Empresa 1,2024-06-17,Saida,HARDWARE, ,1037.21
Empresa 1,2024-01-23,Saida,CARTAO DE CREDITO, ,3180.26
Empresa 1,2024-01-25,Saida,SERVIÇOS DE SISTEMAS DE INFORMAÇÃO, ,367.84
Empresa 1,2024-01-25,Saida,SERVIÇOS DE SISTEMAS DE INFORMAÇÃO, ,955.98
Empresa 1,2024-01-31,Saida,PARCELAMENTO INSS, ,848.27
Empresa 1,2024-02-01,Saida,DESPESA COM REFEIÇÃO, ,2724.18
Empresa 1,2024-02-20,Saida,ALUGUEIS A PAGAR, ,912.56
Empresa 1,2024-02-21,Saida,SERVIÇOS DE SISTEMAS DE INFORMAÇÃO, ,479.00
Empresa 1,2024-02-16,Saida,ASSINATURAS, ,52.09
Empresa 1,2024-02-09,Saida,SALARIOS, ,1183.33
Empresa 1,2024-02-16,Saida,HIGIENE E LIMPEZA, ,431.82
Empresa 1,2024-02-21,Saida,TELEFONIA E INTERNET, ,139.52
Empresa 1,2024-02-06,Saida,FORNECEDORES, ,1600.00
Empresa 1,2024-02-06,Saida,FORNECEDORES, ,2800.00
Empresa 1,2024-02-06,Saida,FORNECEDORES, ,1617.84
Empresa 1,2024-02-06,Saida,SALARIOS, ,3437.56
Empresa 1,2024-02-06,Saida,SALARIOS, ,3134.06
Empresa 1,2024-02-06,Saida,SALARIOS, ,1950.06
Empresa 1,2024-02-06,Saida,SALARIOS, ,2194.81
Empresa 1,2024-02-06,Saida,SALARIOS, ,806.32
Empresa 1,2024-02-06,Saida,SALARIOS, ,1827.18
Empresa 1,2024-02-15,Saida,PRO-LABORE, ,1004.08
Empresa 1,2024-02-06,Saida,SALARIOS, ,1584.07
Empresa 1,2024-02-06,Saida,SALARIOS, ,2925.40
Empresa 1,2024-02-06,Saida,SALARIOS, ,775.25
Empresa 1,2024-02-06,Saida,FGTS A RECOLHER, ,1669.44
Empresa 1,2024-02-06,Saida,PRO-LABORE, ,2121.97
Empresa 1,2024-02-06,Saida,PRO-LABORE, ,1117.90
Empresa 1,2024-02-16,Saida,FORNECEDORES, ,1113.65
Empresa 1,2024-02-15,Saida,HARDWARE, ,4.04
Empresa 1,2024-02-21,Saida,SUPORTE, ,53.00
Empresa 1,2024-06-24,Saida,INSS A RECOLHER, ,3182.05
Empresa 1,2024-02-21,Saida,ENERGIA ELETRICA, ,601.37
Empresa 1,2024-03-26,Saida,ENERGIA ELETRICA, ,550.71
Empresa 1,2024-02-21,Saida,TELEFONIA E INTERNET, ,306.07
Empresa 1,2024-02-21,Saida,SERVIÇOS DE SISTEMAS DE INFORMAÇÃO, ,955.98
Empresa 1,2024-02-23,Saida,CARTAO DE CREDITO, ,3139.99
Empresa 1,2024-02-28,Saida,GSO, ,101.06
Empresa 1,2024-02-28,Saida,ASSINATURAS, ,89.51
Empresa 1,2024-03-26,Saida,ALUGUEIS A PAGAR, ,912.56
Empresa 1,2024-02-29,Saida,SERVIÇOS DE SISTEMAS DE INFORMAÇÃO, ,367.84
Empresa 1,2024-02-28,Saida,CONDOMINIO, ,197.23
Empresa 1,2024-02-28,Saida,CONDOMINIO, ,229.26
Empresa 1,2024-02-28,Saida,PARCELAMENTO INSS, ,852.77
Empresa 1,2024-01-06,Saida,SALARIOS, ,250.00
Empresa 1,2024-02-06,Saida,SALARIOS, ,183.06
Empresa 1,2024-03-01,Saida,DESPESA COM REFEIÇÃO, ,2093.66
Empresa 1,2024-03-26,Saida,ASSINATURAS, ,52.24
Empresa 1,2024-03-26,Saida,TELEFONIA E INTERNET, ,139.63
Empresa 1,2024-03-06,Saida,FORNECEDORES, ,1617.84
Empresa 1,2024-03-06,Saida,SALARIOS, ,3248.99
Empresa 1,2024-03-06,Saida,SALARIOS, ,2789.02
Empresa 1,2024-03-06,Saida,SALARIOS, ,1754.70
Empresa 1,2024-03-06,Saida,SALARIOS, ,3411.98
Empresa 1,2024-03-06,Saida,SALARIOS, ,853.26
Empresa 1,2024-03-06,Saida,SALARIOS, ,804.28
Empresa 1,2024-03-15,Saida,PRO-LABORE, ,1040.00
Empresa 1,2024-03-06,Saida,SALARIOS, ,1467.82
Empresa 1,2024-03-06,Saida,SALARIOS, ,2668.30
Empresa 1,2024-03-06,Saida,SALARIOS, ,1274.04
Empresa 1,2024-03-06,Saida,FORNECEDORES, ,1600.00
Empresa 1,2024-03-06,Saida,FORNECEDORES, ,2800.00
Empresa 1,2024-03-06,Saida,PRO-LABORE, ,1087.49
Empresa 1,2024-03-06,Saida,PRO-LABORE, ,2127.50
Empresa 1,2024-02-06,Saida,FORNECEDORES, ,2000.00
Empresa 1,2024-03-06,Saida,FORNECEDORES, ,2000.00
Empresa 1,2024-06-24,Saida,INSS A RECOLHER, ,2886.61
Empresa 1,2024-03-26,Saida,TELEFONIA E INTERNET, ,306.52
Empresa 1,2024-03-25,Saida,GSO, ,100.00
Empresa 1,2024-03-25,Saida,ASSINATURAS, ,89.00
Empresa 1,2024-03-15,Saida,FORNECEDORES, ,1207.18
Empresa 1,2024-03-15,Saida,EMPRESTIMO SICREDI, ,687.29
Empresa 1,2024-03-25,Saida,CARTAO DE CREDITO, ,2545.55
Empresa 1,2024-03-21,Saida,SERVIÇOS DE SISTEMAS DE INFORMAÇÃO, ,955.98
Empresa 1,2024-03-26,Saida,CONDOMINIO, ,214.80
Empresa 1,2024-03-26,Saida,CONDOMINIO, ,249.97
Empresa 1,2024-03-26,Saida,CONDOMINIO, ,214.61
Empresa 1,2024-03-26,Saida,CONDOMINIO, ,249.94
Empresa 1,2024-03-27,Saida,SERVIÇOS DE SISTEMAS DE INFORMAÇÃO, ,367.84
Empresa 1,2024-03-27,Saida,PARCELAMENTO INSS, ,856.47
Empresa 1,2024-03-06,Saida,SALARIOS, ,250.00
Empresa 1,2024-04-05,Saida,SALARIOS, ,250.00
Empresa 1,2024-04-02,Saida,DESPESA COM REFEIÇÃO, ,3036.22
Empresa 1,2024-04-24,Saida,ALUGUEIS A PAGAR, ,912.56
Empresa 1,2024-04-24,Saida,ASSINATURAS, ,52.21
Empresa 1,2024-04-05,Saida,FORNECEDORES, ,1618.64
Empresa 1,2024-04-05,Saida,SALARIOS, ,3320.97
Empresa 1,2024-04-05,Saida,SALARIOS, ,3160.38
Empresa 1,2024-04-05,Saida,SALARIOS, ,1747.56
Empresa 1,2024-04-05,Saida,SALARIOS, ,3491.56
Empresa 1,2024-04-05,Saida,SALARIOS, ,1651.03
Empresa 1,2024-04-05,Saida,SALARIOS, ,1648.67
Empresa 1,2024-04-15,Saida,PRO-LABORE, ,1018.91
Empresa 1,2024-04-05,Saida,SALARIOS, ,1467.82
Empresa 1,2024-04-05,Saida,SALARIOS, ,2605.50
Empresa 1,2024-04-05,Saida,SALARIOS, ,1274.04
Empresa 1,2024-04-05,Saida,FORNECEDORES, ,1600.00
Empresa 1,2024-04-05,Saida,FORNECEDORES, ,2800.00
Empresa 1,2024-04-05,Saida,FORNECEDORES, ,2000.00
Empresa 1,2024-04-24,Saida,TELEFONIA E INTERNET, ,139.96
Empresa 1,2024-04-24,Saida,SERVIÇOS DE SISTEMAS DE INFORMAÇÃO, ,976.05
Empresa 1,2024-04-24,Saida,CONDOMINIO, ,332.78
Empresa 1,2024-04-24,Saida,CONDOMINIO, ,366.33
Empresa 1,2024-04-05,Saida,PRO-LABORE, ,2127.50
Empresa 1,2024-04-05,Saida,PRO-LABORE, ,1108.58
Empresa 1,2024-04-19,Saida,FORNECEDORES, ,1221.62
Empresa 1,2024-04-15,Saida,HARDWARE, ,27.17
Empresa 1,2024-04-24,Saida,TELEFONIA E INTERNET, ,306.34
Empresa 1,2024-04-24,Saida,GSO, ,103.33
Empresa 1,2024-04-24,Saida,ASSINATURAS, ,89.00
Empresa 1,2024-04-18,Saida,SERVIÇOS DE SISTEMAS DE INFORMAÇÃO, ,479.00
Empresa 1,2024-04-24,Saida,ENERGIA ELETRICA, ,609.85
Empresa 1,2024-05-24,Saida,ENERGIA ELETRICA, ,628.55
Empresa 1,2024-04-23,Saida,CARTAO DE CREDITO, ,3232.12
Empresa 1,2024-04-29,Saida,SERVIÇOS DE SISTEMAS DE INFORMAÇÃO, ,367.84
Empresa 1,2024-04-24,Saida,IPVA, ,1222.80
Empresa 1,2024-04-29,Saida,PARCELAMENTO INSS, ,860.32
Empresa 1,2024-05-07,Saida,SALARIOS, ,250.00
Empresa 1,2024-05-09,Saida,DESPESA COM EVENTOS E CONFRATERNIZAÇÕES, ,58.40
Empresa 1,2024-05-09,Saida,DESPESA COM EVENTOS E CONFRATERNIZAÇÕES, ,58.39
Empresa 1,2024-05-09,Saida,DESPESA COM EVENTOS E CONFRATERNIZAÇÕES, ,58.39
Empresa 1,2024-05-09,Saida,DESPESA COM EVENTOS E CONFRATERNIZAÇÕES, ,58.39
Empresa 1,2024-05-09,Saida,DESPESA COM EVENTOS E CONFRATERNIZAÇÕES, ,263.15
Empresa 1,2024-05-09,Saida,DESPESA COM EVENTOS E CONFRATERNIZAÇÕES, ,263.15
Empresa 1,2024-05-07,Saida,FORNECEDORES, ,2746.73
Empresa 1,2024-05-29,Saida,SALARIOS, ,3920.66
Empresa 1,2024-05-07,Saida,SALARIOS, ,4274.58
Empresa 1,2024-05-07,Saida,SALARIOS, ,3267.25
Empresa 1,2024-05-15,Saida,SALARIOS, ,884.89
Empresa 1,2024-05-07,Saida,SALARIOS, ,3053.72
Empresa 1,2024-05-07,Saida,SALARIOS, ,3329.01
Empresa 1,2024-06-28,Saida,PRO-LABORE, ,1050.00
Empresa 1,2024-05-15,Saida,SALARIOS, ,1553.44
Empresa 1,2024-06-10,Saida,SALARIOS, ,2759.12
Empresa 1,2024-05-15,Saida,SALARIOS, ,1371.64
Empresa 1,2024-05-07,Saida,FORNECEDORES, ,2800.00
Empresa 1,2024-05-24,Saida,FORNECEDORES, ,2000.00
Empresa 1,2024-05-07,Saida,SALARIOS, ,3500.00
Empresa 1,2024-05-23,Saida,FORNECEDORES, ,982.76
Empresa 1,2024-05-24,Saida,ASSINATURAS, ,89.00
Empresa 1,2024-05-20,Saida,FGTS A RECOLHER, ,1909.95
Empresa 1,2024-05-24,Saida,GSO, ,103.33
Empresa 1,2024-05-28,Saida,ALUGUEIS A PAGAR, ,929.60
Empresa 1,2024-05-24,Saida,ASSINATURAS, ,52.21
Empresa 1,2024-05-23,Saida,CONDOMINIO, ,300.45
Empresa 1,2024-05-23,Saida,CONDOMINIO, ,332.49
Empresa 1,2024-05-23,Saida,TELEFONIA E INTERNET, ,139.71
Empresa 1,2024-05-28,Saida,TELEFONIA E INTERNET, ,299.99
Empresa 1,2024-05-23,Saida,CARTAO DE CREDITO, ,3212.66
Empresa 1,2024-06-18,Saida,FORNECEDORES, ,311.68
Empresa 1,2024-07-11,Saida,FORNECEDORES, ,311.68
Empresa 1,2024-05-28,Saida,SERVIÇOS DE SISTEMAS DE INFORMAÇÃO, ,367.84
Empresa 1,2024-07-04,Saida,SALARIOS, ,4713.06
Empresa 1,2024-07-04,Saida,SALARIOS, ,2138.75
Empresa 1,2024-07-04,Saida,SALARIOS, ,3415.74
Empresa 1,2024-05-29,Saida,PARCELAMENTO INSS, ,864.44
Empresa 1,2024-05-29,Saida,PRO-LABORE, ,2204.99
Empresa 1,2024-06-03,Saida,HIGIENE E LIMPEZA, ,321.66
Empresa 1,2024-06-18,Saida,HIGIENE E LIMPEZA, ,321.66
Empresa 1,2024-06-07,Saida,SEGUROS A PAGAR, ,156.86
Empresa 1,2024-07-08,Saida,SEGUROS A PAGAR, ,156.85
Empresa 1,2024-06-20,Saida,ALUGUEIS A PAGAR, ,916.31
Empresa 1,2024-06-21,Saida,SERVIÇOS DE SISTEMAS DE INFORMAÇÃO, ,817.95
Empresa 1,2024-06-21,Saida,SERVIÇOS DE SISTEMAS DE INFORMAÇÃO, ,138.03
Empresa 1,2024-06-06,Saida,SALARIOS, ,1510.63
Empresa 1,2024-06-06,Saida,SALARIOS, ,2682.31
Empresa 1,2024-06-06,Saida,SALARIOS, ,1322.84
Empresa 1,2024-06-06,Saida,FORNECEDORES, ,2149.26
Empresa 1,2024-06-06,Saida,SALARIOS, ,3504.47
Empresa 1,2024-06-06,Saida,SALARIOS, ,3284.87
Empresa 1,2024-06-06,Saida,SALARIOS, ,2595.50
Empresa 1,2024-06-06,Saida,SALARIOS, ,3597.96
Empresa 1,2024-06-06,Saida,SALARIOS, ,2463.22
Empresa 1,2024-06-06,Saida,SALARIOS, ,2469.52
Empresa 1,2024-06-17,Saida,PRO-LABORE, ,1042.23
Empresa 1,2024-06-06,Saida,FORNECEDORES, ,1600.00
Empresa 1,2024-06-06,Saida,FORNECEDORES, ,2800.00
Empresa 1,2024-06-06,Saida,PRO-LABORE, ,1085.26
Empresa 1,2024-06-06,Saida,PRO-LABORE, ,2127.50
Empresa 1,2024-06-18,Saida,ASSINATURAS, ,52.12
Empresa 1,2024-06-18,Saida,FORNECEDORES, ,2000.00
Empresa 1,2024-06-20,Saida,TELEFONIA E INTERNET, ,299.99
Empresa 1,2024-06-24,Saida,GSO, ,103.33
Empresa 1,2024-06-20,Saida,TELEFONIA E INTERNET, ,136.57
Empresa 1,2024-06-24,Saida,FORNECEDORES, ,230.00
Empresa 1,2024-06-06,Saida,SALARIOS, ,250.00
Empresa 1,2024-06-18,Saida,FORNECEDORES, ,879.62
Empresa 1,2024-06-24,Saida,CARTAO DE CREDITO, ,3140.31
Empresa 1,2024-06-18,Saida,FORNECEDORES, ,117.00
Empresa 1,2024-06-18,Saida,CONDOMINIO, ,316.22
Empresa 1,2024-06-18,Saida,CONDOMINIO, ,351.09
Empresa 1,2024-06-18,Saida,ENERGIA ELETRICA, ,0.00
Empresa 1,2024-06-28,Saida,PARCELAMENTO INSS, ,405.62
Empresa 1,2024-06-24,Saida,PARCELAMENTO INSS, ,405.62
Empresa 1,2024-06-24,Saida,PARCELAMENTO INSS, ,506.75
Empresa 1,2024-06-24,Saida,FORNECEDORES, ,230.00
Empresa 1,2024-06-27,Saida,PRO-LABORE, ,1000.00
Empresa 1,2024-06-28,Saida,SERVIÇOS DE SISTEMAS DE INFORMAÇÃO, ,464.64
Empresa 1,2024-06-28,Saida,PARCELAMENTO INSS, ,868.29
Empresa 1,2024-07-04,Saida,FORNECEDORES, ,854.62
Empresa 1,2024-07-04,Saida,SALARIOS, ,427.38
Empresa 1,2024-07-04,Saida,SALARIOS, ,944.14
Empresa 1,2024-07-04,Saida,SALARIOS, ,1227.46
Empresa 1,2024-07-04,Saida,SALARIOS, ,2189.19
Empresa 1,2024-07-04,Saida,SALARIOS, ,1014.23
Empresa 1,2024-07-04,Saida,SALARIOS, ,1570.08
Empresa 1,2024-07-04,Saida,SALARIOS, ,1570.08
Empresa 1,2024-07-04,Saida,FORNECEDORES, ,1600.00
Empresa 1,2024-07-04,Saida,FORNECEDORES, ,2800.00
Empresa 1,2024-07-04,Saida,SALARIOS, ,1918.80
Empresa 1,2024-07-04,Saida,SALARIOS, ,1322.84
Empresa 1,2024-07-04,Saida,FORNECEDORES, ,2000.00
Empresa 1,2024-07-04,Saida,PRO-LABORE, ,2127.50
Empresa 1,2024-07-04,Saida,PRO-LABORE, ,1073.28
Empresa 1,2024-07-11,Saida,COMBUSTIVEIS E LUBRIFICANTES, ,257.63
Empresa 1,2024-07-11,Saida,FORNECEDORES, ,15.00
Empresa 1,2024-07-10,Saida,ASSINATURAS, ,52.00
Empresa 1,2024-07-11,Saida,FORNECEDORES, ,616.55
Empresa 2,2024-02-06,Entrada,MENSALIDADE,LA ,1100.00
Empresa 2,2024-02-14,Entrada,MENSALIDADE,4BEER ,1855.10
Empresa 2,2024-02-14,Entrada,MENSALIDADE,4BEER ,499.38
Empresa 2,2024-04-24,Entrada,MENSALIDADE,4BEER ,1180.94
Empresa 2,2024-04-26,Entrada,MENSALIDADE,4BEER ,361.88
Empresa 2,2024-01-12,Entrada,MENSALIDADE,4BEER ,575.00
Empresa 2,2024-02-14,Entrada,MENSALIDADE,4BEER ,300.00
Empresa 2,2024-02-26,Entrada,MENSALIDADE,4BEER ,1379.48
Empresa 2,2024-04-26,Entrada,MENSALIDADE,4BEER ,104.48
Empresa 2,2024-02-26,Entrada,MENSALIDADE,VLADIMIR ,458.33
Empresa 2,2024-01-10,Entrada,MENSALIDADE,VERONICA ,321.00
Empresa 2,2024-01-10,Entrada,MENSALIDADE,VERONICA ,318.00
Empresa 2,2024-02-09,Entrada,MENSALIDADE,RAPIFIX ,100.00
Empresa 2,2024-01-10,Entrada,MENSALIDADE,VERONICA ,315.00
Empresa 2,2024-02-27,Entrada,MENSALIDADE,COMERCIAL ,500.00
Empresa 2,2024-01-16,Entrada,MENSALIDADE,ESCOLA ,1451.76
Empresa 2,2024-03-04,Entrada,MENSALIDADE,VERONICA ,314.00
Empresa 2,2024-01-16,Entrada,MENSALIDADE,ESCOLA ,2383.48
Empresa 2,2024-03-04,Entrada,MENSALIDADE,VERONICA ,314.00
Empresa 2,2024-03-04,Entrada,MENSALIDADE,VERONICA ,312.00
Empresa 2,2024-07-02,Entrada,MENSALIDADE,DOMINGUES ,0.00
Empresa 2,2024-01-10,Entrada,MENSALIDADE,HTLUX ,1370.60
Empresa 2,2024-01-08,Entrada,MENSALIDADE,BRAMBILA'S ,515.97
Empresa 2,2024-01-16,Entrada,MENSALIDADE,ESCOLA ,1468.04
Empresa 2,2024-01-03,Entrada,MENSALIDADE,ESCOLA ,774.30
Empresa 2,2024-01-03,Entrada,MENSALIDADE,GILSON ,695.47
Empresa 2,2024-01-03,Entrada,MENSALIDADE,HIDRABRASIL ,2232.07
Empresa 2,2024-01-03,Entrada,MENSALIDADE,KARINA ,759.15
Empresa 2,2024-01-08,Entrada,MENSALIDADE,KARINA ,759.15
Empresa 2,2024-01-08,Entrada,MENSALIDADE,RENOTEC ,1320.00
Empresa 2,2024-01-03,Entrada,MENSALIDADE,SIMULAR ,976.14
Empresa 2,2024-04-16,Entrada,MENSALIDADE,VERONICA ,317.00
Empresa 2,2024-01-09,Entrada,MENSALIDADE,DRAKKAR ,650.00
Empresa 2,2024-02-14,Entrada,MENSALIDADE,DRAKKAR ,650.00
Empresa 2,2024-01-31,Entrada,MENSALIDADE,MARIANA ,400.00
Empresa 2,2024-01-08,Entrada,MENSALIDADE,LA ,1000.00
Empresa 2,2024-02-06,Entrada,MENSALIDADE,BRAMBILA'S ,515.97
Empresa 2,2024-02-09,Entrada,MENSALIDADE,EDUARDO ,0.00
Empresa 2,2024-03-06,Entrada,MENSALIDADE,ESCOLA ,3585.42
Empresa 2,2024-01-31,Entrada,MENSALIDADE,ESCOLA ,774.30
Empresa 2,2024-01-31,Entrada,MENSALIDADE,GILSON ,720.47
Empresa 2,2024-02-02,Entrada,MENSALIDADE,HIDRABRASIL ,2232.07
Empresa 2,2024-01-26,Entrada,MENSALIDADE,KARINA ,1229.82
Empresa 2,2024-01-31,Entrada,MENSALIDADE,KARINA ,1229.82
Empresa 2,2024-02-06,Entrada,MENSALIDADE,KARINA ,1229.81
Empresa 2,2024-01-31,Entrada,MENSALIDADE,LA ,1500.00
Empresa 2,2024-01-26,Entrada,MENSALIDADE,MKS ,9133.61
Empresa 2,2024-02-06,Entrada,MENSALIDADE,RENOTEC ,1412.00
Empresa 2,2024-02-06,Entrada,MENSALIDADE,SIMULAR ,976.14
Empresa 2,2024-04-16,Entrada,MENSALIDADE,VERONICA ,314.00
Empresa 2,2024-01-15,Entrada,MENSALIDADE,ESCOLA ,500.00
Empresa 2,2024-01-23,Entrada,MENSALIDADE,INDUSTRIAL ,86.00
Empresa 2,2024-01-30,Entrada,MENSALIDADE,ESCOLA ,215.00
Empresa 2,2024-01-31,Entrada,MENSALIDADE,ESCOLA ,60.00
Empresa 2,2024-01-12,Entrada,MENSALIDADE,4BEER ,1425.00
Empresa 2,2024-01-18,Entrada,MENSALIDADE,NEDEL ,1500.00
Empresa 2,2024-04-08,Entrada,MENSALIDADE,ADMINISTRADORA ,650.00
Empresa 2,2024-02-07,Entrada,MENSALIDADE,NEDEL ,1500.00
Empresa 2,2024-03-05,Entrada,MENSALIDADE,BRAMBILA'S ,515.97
Empresa 2,2024-02-29,Entrada,MENSALIDADE,EDUARDO ,0.00
Empresa 2,2024-03-01,Entrada,MENSALIDADE,GILSON ,720.47
Empresa 2,2024-03-04,Entrada,MENSALIDADE,HIDRABRASIL ,2232.07
Empresa 2,2024-03-13,Entrada,MENSALIDADE,KARINA ,1273.27
Empresa 2,2024-04-09,Entrada,MENSALIDADE,KARINA ,1282.70
Empresa 2,2024-03-06,Entrada,MENSALIDADE,KARINA ,1229.81
Empresa 2,2024-02-27,Entrada,MENSALIDADE,LA ,1500.00
Empresa 2,2024-02-27,Entrada,MENSALIDADE,MKS ,9090.61
Empresa 2,2024-03-06,Entrada,MENSALIDADE,RENOTEC ,1412.00
Empresa 2,2024-03-05,Entrada,MENSALIDADE,SIMULAR ,976.14
Empresa 2,2024-04-16,Entrada,MENSALIDADE,VERONICA ,311.00
Empresa 2,2024-03-01,Entrada,MENSALIDADE,ESCOLA ,774.30
Empresa 2,2024-02-07,Entrada,MENSALIDADE,ESCOLA ,516.00
Empresa 2,2024-02-20,Entrada,MENSALIDADE,GILSON ,900.00
Empresa 2,2024-02-14,Entrada,MENSALIDADE,4BEER ,345.52
Empresa 2,2024-04-19,Entrada,MENSALIDADE,POST ,10.00
Empresa 2,2024-02-29,Entrada,MENSALIDADE,ESCOLA ,172.00
Empresa 2,2024-03-04,Entrada,MENSALIDADE,NEDEL ,1500.00
Empresa 2,2024-04-08,Entrada,MENSALIDADE,BRAMBILA'S ,515.97
Empresa 2,2024-03-29,Entrada,MENSALIDADE,EDUARDO ,0.00
Empresa 2,2024-04-02,Entrada,MENSALIDADE,ESCOLA ,774.30
Empresa 2,2024-04-02,Entrada,MENSALIDADE,GILSON ,720.47
Empresa 2,2024-04-02,Entrada,MENSALIDADE,HIDRABRASIL ,2232.07
Empresa 2,2024-04-02,Entrada,MENSALIDADE,KARINA ,1269.58
Empresa 2,2024-04-02,Entrada,MENSALIDADE,LA ,1500.00
Empresa 2,2024-03-26,Entrada,MENSALIDADE,MKS ,9133.61
Empresa 2,2024-04-08,Entrada,MENSALIDADE,RENOTEC ,1412.00
Empresa 2,2024-04-03,Entrada,MENSALIDADE,SIMULAR ,976.14
Empresa 2,2024-03-07,Entrada,MENSALIDADE,DIONES ,100.00
Empresa 2,2024-03-13,Entrada,MENSALIDADE,NCG ,900.00
Empresa 2,2024-05-09,Entrada,MENSALIDADE,RM ,702.00
Empresa 2,2024-04-02,Entrada,MENSALIDADE,HLUX ,1341.15
Empresa 2,2024-03-28,Entrada,MENSALIDADE,HORTA ,1300.00
Empresa 2,2024-03-28,Entrada,MENSALIDADE,H ,1300.00
Empresa 2,2024-03-25,Entrada,MENSALIDADE,NOVA ,1300.00
Empresa 2,2024-04-05,Entrada,MENSALIDADE,FID ,650.00
Empresa 2,2024-05-03,Entrada,MENSALIDADE,FID ,650.00
Empresa 2,2024-03-18,Entrada,MENSALIDADE,ALESSANDRA ,1500.00
Empresa 2,2024-04-29,Entrada,MENSALIDADE,LA ,1300.00
Empresa 2,2024-05-06,Entrada,MENSALIDADE,AGOSTINI ,288.21
Empresa 2,2024-05-07,Entrada,MENSALIDADE,BRAMBILA'S ,515.97
Empresa 2,2024-05-09,Entrada,MENSALIDADE,EDUARDO ,0.00
Empresa 2,2024-05-02,Entrada,MENSALIDADE,ESCOLA ,774.30
Empresa 2,2024-05-02,Entrada,MENSALIDADE,GILSON ,720.47
Empresa 2,2024-05-03,Entrada,MENSALIDADE,HIDRABRASIL ,2232.07
Empresa 2,2024-05-10,Entrada,MENSALIDADE,KARINA ,1272.45
Empresa 2,2024-05-03,Entrada,MENSALIDADE,KARINA ,1267.53
Empresa 2,2024-04-30,Entrada,MENSALIDADE,LA ,1500.00
Empresa 2,2024-04-25,Entrada,MENSALIDADE,MKS ,9090.61
Empresa 2,2024-05-07,Entrada,MENSALIDADE,RENOTEC ,1412.00
Empresa 2,2024-05-03,Entrada,MENSALIDADE,SIMULAR ,976.14
Empresa 2,2024-04-11,Entrada,MENSALIDADE,DAGLOR ,1300.00
Empresa 2,2024-04-09,Entrada,MENSALIDADE,SIMULAR ,650.00
Empresa 2,2024-02-26,Entrada,MENSALIDADE,4BEER ,1620.52
Empresa 2,2024-04-29,Entrada,MENSALIDADE,4BEER ,1300.00
Empresa 2,2024-04-25,Entrada,MENSALIDADE,RM ,650.00
Empresa 2,2024-04-24,Entrada,MENSALIDADE,4BEER ,819.06
Empresa 2,2024-04-26,Entrada,MENSALIDADE,4BEER ,1533.64
Empresa 2,2024-05-09,Entrada,MENSALIDADE,RENOTEC ,200.00
Empresa 2,2024-06-03,Entrada,MENSALIDADE,BRAMBILA'S ,535.00
Empresa 2,2024-05-30,Entrada,MENSALIDADE,EDUARDO ,0.00
Empresa 2,2024-06-03,Entrada,MENSALIDADE,ESCOLA ,774.30
Empresa 2,2024-06-03,Entrada,MENSALIDADE,GILSON ,720.47
Empresa 2,2024-06-04,Entrada,MENSALIDADE,HIDRABRASIL ,2232.07
Empresa 2,2024-05-28,Entrada,MENSALIDADE,KARINA ,1229.82
Empresa 2,2024-06-03,Entrada,MENSALIDADE,KARINA ,1229.82
Empresa 2,2024-06-11,Entrada,MENSALIDADE,KARINA ,1268.75
Empresa 2,2024-05-28,Entrada,MENSALIDADE,LA ,1500.00
Empresa 2,2024-05-28,Entrada,MENSALIDADE,MKS ,9090.61
Empresa 2,2024-06-06,Entrada,MENSALIDADE,RENOTEC ,1412.00
Empresa 2,2024-06-04,Entrada,MENSALIDADE,SIMULAR ,976.14
Empresa 2,2024-06-26,Entrada,MENSALIDADE,KARINA ,1229.82
Empresa 2,2024-06-26,Entrada,MENSALIDADE,MKS ,9090.61
Empresa 2,2024-06-28,Entrada,MENSALIDADE,EDUARDO ,0.00
Empresa 2,2024-07-02,Entrada,MENSALIDADE,ESCOLA ,774.30
Empresa 2,2024-07-02,Entrada,MENSALIDADE,GILSON ,720.47
Empresa 2,2024-07-02,Entrada,MENSALIDADE,KARINA ,1229.82
Empresa 2,2024-07-02,Entrada,MENSALIDADE,LA ,1500.00
Empresa 2,2024-07-02,Entrada,MENSALIDADE,HIDRABRASIL ,2232.07
Empresa 2,2024-07-02,Entrada,MENSALIDADE,SIMULAR ,976.14
Empresa 2,2024-07-04,Entrada,MENSALIDADE,BRAMBILA'S ,535.00
Empresa 2,2024-07-30,Entrada,MENSALIDADE,EDUARDO ,0.00
Empresa 2,2024-05-07,Entrada,MENSALIDADE,NEDEL ,1500.00
Empresa 2,2024-05-20,Entrada,MENSALIDADE,NEDEL ,3000.00
Empresa 2,2024-06-18,Entrada,MENSALIDADE,PROFAB ,1300.00
Empresa 2,2024-07-01,Entrada,MENSALIDADE,GUERREIROS ,495.00
Empresa 2,2024-07-03,Entrada,MENSALIDADE,BPR ,800.00
Empresa 2,2024-07-01,Entrada,MENSALIDADE,MATEUS ,180.00
Empresa 2,2024-01-10,Saida,CARTAO DE CREDITO, ,9.31
Empresa 2,2024-02-09,Saida,CARTAO DE CREDITO, ,6.50
Empresa 2,2024-04-10,Saida,CARTAO DE CREDITO, ,6.50
Empresa 2,2024-04-10,Saida,CARTAO DE CREDITO, ,6.96
Empresa 2,2024-06-14,Saida,CARTAO DE CREDITO, ,6.50
Empresa 2,2024-06-21,Saida,CARTAO DE CREDITO, ,6.62
Empresa 2,2024-07-10,Saida,CARTAO DE CREDITO, ,6.50
Empresa 2,2024-01-19,Saida,ENERGIA ELETRICA, ,175.59
Empresa 2,2024-02-27,Saida,ENERGIA ELETRICA, ,163.59
Empresa 2,2024-03-26,Saida,ENERGIA ELETRICA, ,179.25
Empresa 2,2024-04-26,Saida,ENERGIA ELETRICA, ,108.62
Empresa 2,2024-06-18,Saida,ENERGIA ELETRICA, ,0.00
Empresa 2,2024-06-18,Saida,ENERGIA ELETRICA, ,0.00
Empresa 2,2024-01-25,Saida,AGUA E ESGOTO, ,513.82
Empresa 2,2024-02-27,Saida,AGUA E ESGOTO, ,148.10
Empresa 2,2024-03-26,Saida,AGUA E ESGOTO, ,137.89
Empresa 2,2024-04-26,Saida,AGUA E ESGOTO, ,121.72
Empresa 2,2024-06-16,Saida,AGUA E ESGOTO, ,0.00
Empresa 2,2024-06-19,Saida,AGUA E ESGOTO, ,0.00
Empresa 2,2024-01-25,Saida,TELEFONIA MOVEL, ,661.83
Empresa 2,2024-02-27,Saida,TELEFONIA MOVEL, ,675.71
Empresa 2,2024-03-26,Saida,TELEFONIA MOVEL, ,719.33
Empresa 2,2024-04-26,Saida,TELEFONIA MOVEL, ,720.07
Empresa 2,2024-05-29,Saida,TELEFONIA MOVEL, ,719.61
Empresa 2,2024-06-25,Saida,TELEFONIA MOVEL, ,704.27
Empresa 2,2024-06-28,Saida,IPVA, ,5689.12
Empresa 2,2024-06-28,Saida,IPVA, ,104.36
Empresa 2,2024-02-08,Saida,MATERIAL ESCRITORIO, ,125.00
Empresa 2,2024-02-08,Saida,MATERIAL ESCRITORIO, ,98.00
Empresa 2,2024-02-27,Saida,MATERIAL ESCRITORIO, ,98.00
Empresa 2,2024-03-26,Saida,MATERIAL ESCRITORIO, ,98.00
Empresa 2,2024-04-30,Saida,MATERIAL ESCRITORIO, ,98.00
Empresa 2,2024-05-31,Saida,MATERIAL ESCRITORIO, ,98.00
Empresa 2,2024-06-28,Saida,MATERIAL ESCRITORIO, ,98.00
Empresa 2,2024-07-10,Saida,MATERIAL ESCRITORIO, ,65.00
Empresa 2,2024-06-28,Saida,MULTAS DE TRANSITO, ,2838.05
Empresa 2,2024-01-05,Saida,ALIMENTAÇÃO, ,3014.62
Empresa 2,2024-02-06,Saida,ALIMENTAÇÃO, ,1911.41
Empresa 2,2024-03-06,Saida,ALIMENTAÇÃO, ,2136.56
Empresa 2,2024-04-19,Saida,ALIMENTAÇÃO, ,5486.08
Empresa 2,2024-04-19,Saida,ALIMENTAÇÃO, ,174.53
Empresa 2,2024-04-19,Saida,ALIMENTAÇÃO, ,239.83
Empresa 2,2024-04-19,Saida,ALIMENTAÇÃO, ,375.44
Empresa 2,2024-04-19,Saida,ALIMENTAÇÃO, ,258.32
Empresa 2,2024-04-19,Saida,ALIMENTAÇÃO, ,282.98
Empresa 2,2024-04-19,Saida,ALIMENTAÇÃO, ,258.19
Empresa 2,2024-04-19,Saida,ALIMENTAÇÃO, ,273.75
Empresa 2,2024-04-19,Saida,ALIMENTAÇÃO, ,254.55
Empresa 2,2024-01-19,Saida,INTERNET, ,99.17
Empresa 2,2024-01-19,Saida,INTERNET, ,287.10
Empresa 2,2024-02-27,Saida,INTERNET, ,287.43
Empresa 2,2024-02-27,Saida,INTERNET, ,103.76
Empresa 2,2024-03-26,Saida,INTERNET, ,106.08
Empresa 2,2024-03-26,Saida,INTERNET, ,288.43
Empresa 2,2024-04-24,Saida,INTERNET, ,288.35
Empresa 2,2024-04-26,Saida,INTERNET, ,106.09
Empresa 2,2024-05-29,Saida,INTERNET, ,287.84
Empresa 2,2024-05-29,Saida,INTERNET, ,106.02
Empresa 2,2024-06-21,Saida,INTERNET, ,106.20
Empresa 2,2024-06-17,Saida,INTERNET, ,281.35
Empresa 2,2024-01-10,Saida,SEGUROS, ,264.87
Empresa 2,2024-02-09,Saida,SEGUROS, ,264.87
Empresa 2,2024-03-11,Saida,SEGUROS, ,264.87
Empresa 2,2024-04-10,Saida,SEGUROS, ,264.87
Empresa 2,2024-06-05,Saida,SEGUROS, ,264.87
Empresa 2,2024-07-10,Saida,SEGUROS, ,275.39
Empresa 2,2024-01-19,Saida,SEGUROS, ,183.02
Empresa 2,2024-02-27,Saida,SEGUROS, ,183.02
Empresa 2,2024-01-10,Saida,ASSINATURAS, ,102.00
Empresa 2,2024-02-27,Saida,ASSINATURAS, ,102.52
Empresa 2,2024-03-26,Saida,ASSINATURAS, ,102.48
Empresa 2,2024-04-26,Saida,ASSINATURAS, ,102.48
Empresa 2,2024-05-29,Saida,ASSINATURAS, ,102.58
Empresa 2,2024-06-10,Saida,ASSINATURAS, ,102.00
Empresa 2,2024-07-10,Saida,ASSINATURAS, ,102.00
Empresa 2,2024-08-10,Saida,ASSINATURAS, ,102.00
Empresa 2,2024-01-10,Saida,CARTAO DE CREDITO, ,106.78
Empresa 2,2024-01-25,Saida,CARTAO DE CREDITO, ,37.22
Empresa 2,2024-01-29,Saida,CARTAO DE CREDITO, ,3882.69
Empresa 2,2024-02-09,Saida,CARTAO DE CREDITO, ,27.15
Empresa 2,2024-02-21,Saida,CARTAO DE CREDITO, ,40.00
Empresa 2,2024-02-28,Saida,CARTAO DE CREDITO, ,6786.36
Empresa 2,2024-05-28,Saida,CARTAO DE CREDITO, ,3213.93
Empresa 2,2024-06-28,Saida,CARTAO DE CREDITO, ,5163.80
Empresa 2,2024-06-26,Saida,CARTAO DE CREDITO, ,3887.08
Empresa 2,2024-06-25,Saida,CARTAO DE CREDITO, ,50.68
Empresa 2,2024-03-15,Saida,CARTAO DE CREDITO, ,27.15
Empresa 2,2024-03-28,Saida,CARTAO DE CREDITO, ,3138.66
Empresa 2,2024-03-20,Saida,CARTAO DE CREDITO, ,39.68
Empresa 2,2024-04-10,Saida,CARTAO DE CREDITO, ,27.83
Empresa 2,2024-04-24,Saida,CARTAO DE CREDITO, ,38.82
Empresa 2,2024-04-30,Saida,CARTAO DE CREDITO, ,5504.06
Empresa 2,2024-01-29,Saida,FORNECEDORES, ,218.14
Empresa 2,2024-02-27,Saida,FORNECEDORES, ,218.14
Empresa 2,2024-03-27,Saida,FORNECEDORES, ,218.14
Empresa 2,2024-04-29,Saida,FORNECEDORES, ,218.14
Empresa 2,2024-05-27,Saida,FORNECEDORES, ,218.17
Empresa 2,2024-02-06,Saida,FORNECEDORES, ,2000.00
Empresa 2,2024-07-04,Saida,FORNECEDORES, ,1200.00
Empresa 2,2024-07-04,Saida,FORNECEDORES, ,1200.00
Empresa 2,2024-07-04,Saida,FORNECEDORES, ,507.49
Empresa 2,2024-07-04,Saida,FORNECEDORES, ,2000.00
Empresa 2,2024-07-04,Saida,FORNECEDORES, ,954.91
Empresa 2,2024-07-04,Saida,FORNECEDORES, ,279.63
Empresa 2,2024-06-06,Saida,FORNECEDORES, ,600.00
Empresa 2,2024-06-06,Saida,FORNECEDORES, ,1200.00
Empresa 2,2024-06-06,Saida,FORNECEDORES, ,1200.00
Empresa 2,2024-06-06,Saida,FORNECEDORES, ,743.96
Empresa 2,2024-07-04,Saida,FORNECEDORES, ,1200.00
Empresa 2,2024-07-04,Saida,FORNECEDORES, ,1200.00
Empresa 2,2024-05-07,Saida,FORNECEDORES, ,546.67
Empresa 2,2024-05-07,Saida,FORNECEDORES, ,200.00
Empresa 2,2024-07-02,Saida,FORNECEDORES, ,2000.00
Empresa 2,2024-07-04,Saida,FORNECEDORES, ,2000.00
Empresa 2,2024-06-06,Saida,FORNECEDORES, ,1200.00
Empresa 2,2024-06-06,Saida,FORNECEDORES, ,573.50
Empresa 2,2024-04-05,Saida,FORNECEDORES, ,1000.00
Empresa 2,2024-07-02,Saida,FORNECEDORES, ,2000.00
Empresa 2,2024-04-04,Saida,FORNECEDORES, ,200.00
Empresa 2,2024-05-07,Saida,FORNECEDORES, ,1200.00
Empresa 2,2024-05-09,Saida,FORNECEDORES, ,1000.00
Empresa 2,2024-05-07,Saida,FORNECEDORES, ,1000.00
Empresa 2,2024-03-06,Saida,FORNECEDORES, ,2000.00
Empresa 2,2024-04-11,Saida,FORNECEDORES, ,276.04
Empresa 2,2024-03-15,Saida,FORNECEDORES, ,654.00
Empresa 2,2024-03-01,Saida,FORNECEDORES, ,150.00
Empresa 2,2024-03-06,Saida,FORNECEDORES, ,366.67
Empresa 2,2024-04-10,Saida,FORNECEDORES, ,276.04
Empresa 2,2024-01-19,Saida,CARTAO DE CREDITO, ,78.00
Empresa 2,2024-05-20,Saida,CARTAO DE CREDITO, ,78.00
Empresa 2,2024-01-24,Saida,EMPRESTIMO, ,113.74
Empresa 2,2024-02-26,Saida,EMPRESTIMO, ,113.74
Empresa 2,2024-03-25,Saida,EMPRESTIMO, ,113.74
Empresa 2,2024-04-25,Saida,EMPRESTIMO, ,113.74
Empresa 2,2024-05-24,Saida,EMPRESTIMO, ,113.74
Empresa 2,2024-06-24,Saida,EMPRESTIMO, ,113.74
Empresa 2,2024-01-16,Saida,SEGURANÇA, ,358.55
Empresa 2,2024-02-27,Saida,SEGURANÇA, ,252.37
Empresa 2,2024-03-26,Saida,SEGURANÇA, ,252.30
Empresa 2,2024-04-26,Saida,SEGURANÇA, ,347.28
Empresa 2,2024-05-29,Saida,SEGURANÇA, ,347.58
Empresa 2,2024-06-21,Saida,SEGURANÇA, ,251.95
Empresa 2,2024-01-16,Saida,ENSINO, ,345.27
Empresa 2,2024-02-27,Saida,ENSINO, ,247.83
Empresa 2,2024-03-26,Saida,ENSINO, ,198.73
Empresa 2,2024-04-10,Saida,ENSINO, ,193.83
Empresa 2,2024-05-29,Saida,ENSINO, ,229.71
Empresa 2,2024-06-21,Saida,ENSINO, ,300.77
Empresa 2,2024-07-10,Saida,ENSINO,  ,30.70